id,lat,lon,Name,Count
0,45.52976024,-122.6966429,NW 22nd at Lovejoy,9800
52,45.52507854,-122.6775563,NW Broadway at Everett,18816
1,45.5229406,-122.6886019,,494
5,45.52247868,-122.6732969,SW 3rd at Ankeny,25054
2,45.5216215,-122.6824147,,348
84,45.52196048,-122.6896772,SW Morrison at 18th,23204
3,45.51928859,-122.6792488,SW Morrison at Pioneer Courthouse Sq.,19758
78,45.53080401,-122.6844227,NW 13th at Marshall,31778
4,45.531477,-122.6844821,,1994
127,45.5360712,-122.6852715,,7033
87,45.52175423,-122.6810794,SW 10th at Stark,16238
6,45.50971347,-122.6777159,SW Harrison at 1st,8603
34,45.49913657,-122.6716433,SW Moody at Aerial Tram Terminal,33646
7,45.5230037,-122.6658179,,428
219,45.5171999,-122.6772947,,913
8,45.5230012,-122.6656734,,12
9,45.52373453,-122.6372065,NE 28th at Couch - Community Corral,4296
22,45.51222277,-122.6454261,SE Hawthorne at 20th,8524
10,45.5193178,-122.636005,,141
146,45.51202353,-122.6363119,SE 29th at Hawthorne,6962
11,45.514975,-122.623157,SE Taylor at Chavez,1839
124,45.50512504,-122.6533681,SE Elliott at Division,11881
12,45.5211726,-122.6763654,SW 5th at Oak,20152
270,45.5123205,-122.6789108,SW Market at Keller Fountain Park,10946
13,45.52487653,-122.6965141,NW Everett at 22nd,21062
16,45.52269855,-122.6587513,SE 7th at Burnside,8463
14,45.55905507,-122.6427104,NE Alberta at 22nd - Community Corral,3340
15,45.54828551,-122.6508106,NE Fremont at 15th - Community Corral,2867
321,45.5590859,-122.6468005,,192
100,45.52389222,-122.6721825,NW Couch at 2nd,7465
17,45.51592353,-122.6833123,SW Park at Portland Art Museum,12012
18,45.51633325,-122.6566324,SE 9th at Belmont,13484
180,45.513661,-122.6587152,,207
19,45.50356665,-122.6395279,SE Clinton at 26th,7989
175,45.53027884,-122.654669,NE 11th at Holladay Park,9232
20,45.5193416,-122.6516153,,1451
510,45.4960484,-122.6396204,,147
21,45.5286366,-122.6820195,NW Johnson at Jamison Square,21094
282,45.51609691,-122.6790771,SW 5th at Main,12767
23,45.52331306,-122.6932633,NW 20th at Burnside,15055
69,45.53409115,-122.6949424,NW Raleigh at 21st,23311
24,45.52286956,-122.6789859,SW Park at W Burnside,6285
986,45.520955,-122.6827754,,455
25,45.5356655,-122.6897069,,293
254,45.5230283,-122.6784644,,3010
26,45.5590949,-122.6682902,,309
135,45.55522233,-122.6818612,N Prescott at Interstate,3863
27,45.5265471,-122.6812493,,370
28,45.52358836,-122.6619177,NE Couch at MLK,7572
167,45.52374151,-122.6818129,NW Couch at 11th,29201
29,45.5279666,-122.6813021,,637
97,45.53083126,-122.6815957,NW Marshall at Tanner Springs Park,17533
30,45.5293888,-122.6813526,,2443
31,45.5282777,-122.6766282,NW Station at Irving,13654
85,45.52634601,-122.6941484,NW Glisan at 21st,15837
32,45.52556242,-122.6892561,NW 18th at Flanders,12483
33,45.523601,-122.6455064,,18
177,45.52440674,-122.6497686,NE Sandy at 16th,8033
93,45.52297292,-122.6434118,NE 22nd at Burnside,8440
35,45.50910258,-122.6735169,SW River at Montgomery,31227
158,45.51556831,-122.6738924,SW Salmon at Waterfront Park,46690
36,45.5142926,-122.6863885,,1786
38,45.51544427,-122.6846749,SW 10th at Columbia,9312
37,45.5252069,-122.6765159,,3834
131,45.5033655,-122.6447314,SE Clinton at 21st,10883
39,45.5145332,-122.678756,,318
40,45.52914205,-122.6987028,NW Kearney at 23rd,15438
41,45.53142501,-122.6895659,NW 18th at Northrup,14920
75,45.52279251,-122.6840124,SW Stark at Burnside,13469
42,45.5175854,-122.6759187,,2177
111,45.522987,-122.6811288,,2012
43,45.5626816,-122.6848305,,109
61,45.5645168,-122.6875268,,110
44,45.51803882,-122.6755822,SW 3rd at Morrison,17783
45,45.52536699,-122.6725459,NW 2nd at Everett,18478
46,45.5169265,-122.6762728,,417
47,45.5106886,-122.6843287,,1823
77,45.53211645,-122.6986304,NW 23rd at Overton,13667
48,45.55941042,-122.6685226,N Vancouver at Alberta,4849
63,45.52269573,-122.6703492,SW Naito at Ankeny Plaza,28528
49,45.51898132,-122.6812685,SW Yamhill at Director Park,18817
50,45.5248422,-122.6964086,,1528
121,45.52579919,-122.6855063,NW Flanders at 14th,19178
51,45.5180198,-122.6803585,,939
99,45.53550403,-122.7006608,NW Thurman at 24th,13363
473,45.5252254,-122.6755017,,2176
65,45.53232501,-122.6824299,NW 11th at The Fields,20063
53,45.55907103,-122.6475437,NE Alberta at 17th - Community Corral,2396
71,45.5411956,-122.6970244,,42
54,45.52871176,-122.674166,NW Naito at Ironside,17094
55,45.524531,-122.6744613,,860
56,45.5120818,-122.6533493,SE Ladd at Hawthorne,20866
140,45.5120624,-122.6276497,,181
57,45.523086,-122.6754201,,2540
1994,45.512903,-122.6455729,,22
58,45.5238182,-122.674435,,939
107,45.52142066,-122.6726291,SW 2nd at Pine,21889
59,45.49429475,-122.6719048,SW Moody at Thomas,10719
60,45.4939765,-122.6719911,,168
62,45.5264728,-122.685306,,2630
117,45.5314984,-122.6566013,,1044
64,45.50468892,-122.6345551,SE 30th at Division,9271
88,45.4889978,-122.6524101,,52
66,45.5299294,-122.6753219,,2642
67,45.51636144,-122.6460457,SE Belmont at 20th,6308
68,45.5164686,-122.6455714,,248
70,45.52862062,-122.6905073,NW 19th at Johnson,14395
72,45.5251214,-122.6811966,,427
110,45.53508224,-122.6505639,NE 15th at Broadway,9749
73,45.5129442,-122.657744,,804
74,45.52500056,-122.6811048,NW 10th at Everett,12691
89,45.5343597,-122.663693,,281
76,45.53146071,-122.659741,NE Multnomah at Grand,4860
82,45.53496857,-122.653631,NE Broadway at 12th,6196
624,45.5202589,-122.6744682,,1317
145,45.51515295,-122.665776,SE Water at Taylor,13830
79,45.53086696,-122.6658887,NE Wheeler at Multnomah,11169
80,45.5307576,-122.6662351,,368
81,45.5186858,-122.6799961,,2285
83,45.51889487,-122.6774061,SW 5th at Morrison,22017
96,45.5048638,-122.6547574,,915
495,45.5244572,-122.670218,,1216
86,45.54998583,-122.6756573,N Mississippi at Beech,12010
104,45.54179953,-122.6614845,NE MLK at Knott,10912
101,45.522513,-122.6702589,,3590
106,45.5251399,-122.6801824,,1993
344,45.56197102,-122.6820369,N Interstate at Willamette - Community Corral,898
91,45.5315321,-122.6814345,,2084
194,45.5370647,-122.6870447,,889
92,45.5072427,-122.658757,,74
94,45.5343706,-122.6667376,,696
95,45.52826831,-122.6945615,NW 21st at Johnson,10768
163,45.5178988,-122.6600522,SE Alder at 6th,10575
98,45.5315127,-122.6824564,,1560
102,45.55335313,-122.6669146,N Mason at Williams,7243
144,45.5475928,-122.6667604,N Williams at Fremont,13126
103,45.5314262,-122.6875304,,195
105,45.5239044,-122.6702935,,1073
602,45.5260135,-122.670676,,165
112,45.5252863,-122.6724697,,1994
108,45.5209254,-122.6741073,,1390
120,45.5231234,-122.6713456,,2921
109,45.51184309,-122.68372,SW Broadway at Smith Memorial Student Union,13891
128,45.5193484,-122.653644,,1399
113,45.5048393,-122.6296306,SE 34th at Division,9791
157,45.5088042,-122.6655893,,1772
114,45.5258352,-122.6706897,,44
115,45.5024783,-122.6723477,,834
116,45.51782551,-122.6724963,SW Naito at Morrison,22127
173,45.5165284,-122.6607669,,103
118,45.55913676,-122.6554307,NE Alberta at 10th - Community Corral,1849
119,45.51816567,-122.6924908,SW 18th at Jefferson,10989
130,45.5264914,-122.6842918,,5284
199,45.5240259,-122.6505684,,142
122,45.511907,-122.6294804,SE 34th at Hawthorne,10311
143,45.5237627,-122.6774774,,1108
359,45.5172159,-122.655687,,684
125,45.56274555,-122.6480594,NE 17th at Killingsworth - Community Corral,1666
236,45.56453067,-122.6305372,NE 33rd at Jarrett (Kennedy School) - Community Corral,1467
126,45.51186486,-122.6210475,SE 40th at Hawthorne,5389
940,45.5284672,-122.656532,,339
189,45.51158277,-122.682281,Urban Center Plaza at SW 6th St,7851
181,45.51147657,-122.6662856,SE Clay at Water,17853
325,45.5590672,-122.6419218,,130
129,45.5193552,-122.6556728,,262
139,45.5257661,-122.6536009,,197
629,45.5198656,-122.6758501,,774
133,45.52649493,-122.6416328,NE Glisan at 24th,6970
147,45.5255177,-122.6984635,,183
154,45.51844688,-122.651685,SE 14th at Stark,9704
132,45.5191991,-122.6762108,,1391
134,45.53140997,-122.6574612,NE Multnomah at 9th,10566
136,45.5231391,-122.6723799,,4040
265,45.5314628,-122.685491,,3166
137,45.5290819,-122.6985965,,871
138,45.55458563,-122.6755413,N Mississippi at N Skidmore,6447
168,45.5027677,-122.6714408,Tilikum West at SW Moody,20496
156,45.5379577,-122.6886206,,579
166,45.5300616,-122.6844243,,5329
141,45.5120789,-122.6381592,,179
2062,45.5186777,-122.6657908,,77
151,45.5230046,-122.6801058,,1347
142,45.5193586,-122.6566872,,940
148,45.5236962,-122.6811554,,913
149,45.5256856,-122.6893362,,470
150,45.50624163,-122.6633379,SE 2nd Pl at Tilikum Way,19468
152,45.5308296,-122.6814121,,549
153,45.5175793,-122.6725072,,716
170,45.51936283,-122.6359928,SE 29th at Stark,3532
155,45.5388948,-122.6901714,,1564
159,45.5205931,-122.637238,SE 28th at Pine - Community Corral,2422
160,45.55645437,-122.6603794,NE Going at Grand,6783
161,45.5160179,-122.6842822,,1661
162,45.5555064,-122.6605467,,196
164,45.5136673,-122.6607821,,771
165,45.5287476,-122.6776586,,279
171,45.5229504,-122.6831526,,2990
202,45.5230674,-122.6764857,,1978
169,45.5236794,-122.6821551,,1287
172,45.5644626,-122.6306698,,105
174,45.5229602,-122.6627544,,1448
343,45.519382,-122.6637877,,4282
178,45.5350668,-122.6575995,,633
176,45.5129509,-122.6597725,,2210
196,45.5120427,-122.6182826,,222
179,45.51507401,-122.6870298,SW 12th at Clay,5940
397,45.5193653,-122.6586964,,138
192,45.5120745,-122.6337819,,184
281,45.52771962,-122.6603526,Metro Campus - Community Corral,1997
182,45.5115447,-122.6658674,,420
183,45.53290424,-122.68626,NW Pettygrove at 15th,12914
184,45.5533235,-122.6667569,,267
185,45.5218947,-122.6834357,,1048
186,45.5152281,-122.6870389,,200
187,45.54471503,-122.6667845,N Morris at Williams,5522
188,45.5347847,-122.6988093,,630
190,45.55908767,-122.6407517,NE Alberta at 24th - Community Corral,1117
191,45.5627419,-122.6889932,N Killingsworth at Gay - Community Corral,868
200,45.5128821,-122.6229264,,746
193,45.5197472,-122.6782504,,1684
195,45.5229341,-122.6597069,,1361
197,45.5546279,-122.6755257,,2054
198,45.518278,-122.6813236,,1398
227,45.52990305,-122.6628363,NE Holladay at MLK,7237
201,45.5231051,-122.6744101,,440
292,45.523048,-122.6774256,,1572
203,45.5136276,-122.6838551,,523
204,45.5153522,-122.6846459,,961
205,45.51649676,-122.6307517,SE Belmont at 33rd,7412
206,45.5120752,-122.6361305,,287
221,45.5120656,-122.6295928,,578
207,45.5264714,-122.6863235,,1103
208,45.522783,-122.6811195,,900
209,45.5282986,-122.6823288,,519
210,45.544631,-122.6666666,,162
714,45.5137595,-122.6843666,,963
211,45.520426,-122.6807929,,1150
223,45.5236337,-122.6556444,,132
280,45.53477667,-122.6988717,NW Savier at 23rd - Disabled,2184
215,45.5311463,-122.7026942,,75
212,45.5366204,-122.6862613,,693
327,45.5100161,-122.6846943,,1654
249,45.5129476,-122.6607846,,94
213,45.5164147,-122.6800628,,943
214,45.5264765,-122.6414203,,282
216,45.5314412,-122.6865198,,864
224,45.50280906,-122.6535398,SE Gideon at 12th Ave MAX station,8127
217,45.50936198,-122.6812121,SW 4th at College,11250
1610,45.5268192,-122.6716911,,77
218,45.5268176,-122.6715628,,26
288,45.5245495,-122.6734472,,3874
220,45.5350329,-122.6466728,,950
312,45.5164567,-122.6295726,,867
222,45.5228795,-122.6872236,,323
225,45.5291643,-122.6371683,,289
384,45.5033295,-122.6537669,,90
266,45.5154692,-122.6794042,,2104
233,45.5351676,-122.6350089,,579
226,45.528663,-122.6647366,,27
228,45.5284438,-122.6945131,,536
817,45.5210891,-122.6804375,,667
229,45.52288,-122.6434778,,471
526,45.5236472,-122.6597021,,1438
230,45.5150223,-122.6229225,,93
231,45.5298322,-122.6965946,,810
232,45.56244707,-122.6848358,N Concord at Killingsworth - Community Corral,653
234,45.5121886,-122.645577,,38
235,45.5300622,-122.6616912,,486
486,45.5251698,-122.6785327,,689
237,45.55076344,-122.6668663,N Failing at Williams,6308
238,45.5363783,-122.6897334,,280
330,45.5200155,-122.6821151,,2884
600,45.5196428,-122.6892406,,150
239,45.5350701,-122.6586141,,393
240,45.512023,-122.6836064,,1495
241,45.5474656,-122.6666791,,300
242,45.5229722,-122.6821342,,835
243,45.5315017,-122.6834541,,1553
244,45.5508003,-122.6667366,,317
264,45.51505334,-122.6788947,SW 4th at Jefferson (City Hall),3786
245,45.5244245,-122.6495537,,282
268,45.5201388,-122.6768712,,1777
246,45.507311,-122.681981,,379
247,45.511502,-122.653695,,393
248,45.4964312,-122.6708804,,1448
250,45.55568352,-122.6506644,NE 14th Pl at Prescott - Community Corral,1108
251,45.5164548,-122.6282071,,435
518,45.5172394,-122.6627873,,343
252,45.5121086,-122.645245,,219
467,45.5250657,-122.684239,,2325
429,45.5138682,-122.6791005,,670
253,45.5313884,-122.689548,,433
255,45.5115212,-122.6587287,,230
410,45.5226224,-122.6777869,,2089
256,45.5231707,-122.6623275,,237
257,45.5152098,-122.6783895,,1199
258,45.5250269,-122.6862674,,135
259,45.5315039,-122.6596531,,344
260,45.56282546,-122.6747467,N Killingsworth at Albina,4748
261,45.5220269,-122.6810799,,720
427,45.5186626,-122.6742051,,1236
262,45.5144083,-122.6754329,,672
269,45.519372,-122.6607447,,1354
263,45.5133295,-122.6713328,,137
396,45.5153268,-122.6618265,,474
278,45.5186589,-122.6607493,,1308
291,45.5286856,-122.6813285,,499
293,45.5409301,-122.6641567,,1437
297,45.5200382,-122.6879003,,356
267,45.5229274,-122.657678,,816
313,45.5065126,-122.6537253,,64
289,45.5172057,-122.652644,,578
376,45.527931,-122.6485026,,512
276,45.5286497,-122.6616998,,144
271,45.514397,-122.6658488,,332
272,45.5136729,-122.6618298,,246
273,45.5248982,-122.6933662,,311
274,45.55916922,-122.6514316,NE Alberta at 14th - Community Corral,1829
275,45.5200186,-122.6792742,,562
283,45.55902314,-122.6355462,NE Alberta at NE 29th/30th - Community Corral,1411
277,45.538053,-122.6667148,,157
387,45.5150733,-122.6546869,,368
279,45.5206819,-122.6817544,,537
287,45.5313325,-122.6925908,,1768
824,45.5165163,-122.659749,,340
582,45.5221678,-122.6844566,,974
340,45.5265656,-122.6802351,,851
284,45.5213515,-122.6785527,,764
390,45.524367,-122.6617459,,1002
285,45.5238878,-122.6509085,,94
286,45.5097828,-122.6780234,,485
380,45.5128022,-122.6751137,,3014
290,45.5092019,-122.6816237,,469
299,45.52651,-122.6832776,,764
310,45.525043,-122.6852545,,689
294,45.512934,-122.6547012,,299
415,45.524775,-122.6996899,,75
295,45.5071786,-122.6743175,,1157
296,45.5185327,-122.6765716,,1421
300,45.5300761,-122.6834133,,1346
298,45.5222612,-122.6733858,,1060
301,45.56138522,-122.6303306,NE 33rd at Emerson - Community Corral,639
379,45.5180852,-122.6931962,,323
302,45.5182595,-122.6755506,,1483
2045,45.5229001,-122.6495625,,95
304,45.5205321,-122.6754893,,1344
305,45.5000094,-122.6717313,,911
419,45.5301343,-122.6803455,,2990
334,45.5410345,-122.6687204,,924
306,45.503012,-122.6541096,,88
350,45.5130821,-122.6818658,,1849
307,45.5221695,-122.6901439,,1177
308,45.522018,-122.6781919,,1341
309,45.559071,-122.6428975,,156
311,45.4992903,-122.6717672,,766
318,45.5120829,-122.6403267,,264
314,45.5348837,-122.6947458,,356
315,45.5354601,-122.7008675,,579
319,45.5266354,-122.6765624,,1637
316,45.512695,-122.6832433,,1126
317,45.523173,-122.6933136,,439
360,45.5338063,-122.6203344,,558
320,45.514938,-122.6773563,,723
341,45.5397983,-122.6109434,,103
339,45.5228932,-122.6475335,,450
322,45.5215967,-122.6737711,,1117
323,45.5194778,-122.6772235,,1157
640,45.5327955,-122.6906153,,444
324,45.5293321,-122.6606811,,157
346,45.5150699,-122.6536726,,616
326,45.5225584,-122.673372,,652
979,45.512296,-122.6658565,,261
328,45.5161463,-122.6790375,,1508
777,45.516663,-122.6752883,,1849
329,45.51196,-122.6257533,SE 37th at Hawthorne - Disabled,1227
1139,45.5048186,-122.6425904,,176
868,45.5164994,-122.6546774,,764
331,45.5065432,-122.6620427,,780
374,45.522975,-122.6637546,,1326
692,45.5048222,-122.6435984,,392
332,45.5079732,-122.6774886,,78
333,45.5395941,-122.6677173,,438
335,45.5223193,-122.6900794,,418
430,45.5450023,-122.6719813,,218
336,45.5591147,-122.6555998,,88
337,45.5170806,-122.6797003,,899
338,45.5228648,-122.6392928,,272
373,45.5086555,-122.6547299,,1099
342,45.5167987,-122.6729466,,1034
476,45.5300183,-122.6864524,,471
345,45.5140232,-122.6853843,,1838
347,45.5165062,-122.6567061,,521
348,45.5292312,-122.6904828,,458
472,45.5122119,-122.6516591,,278
349,45.5299441,-122.6905093,,261
351,45.5263053,-122.6944335,,1210
352,45.5154699,-122.6736457,,1418
353,45.5164092,-122.6743398,,734
355,45.5334337,-122.6946989,,1136
354,45.5157425,-122.680425,,856
356,45.5122209,-122.654706,,180
357,45.5120597,-122.6258241,,1122
358,45.51748,-122.684565,SW 11th at Main - Disabled,670
361,45.56251948,-122.6770306,N Michigan at Killingsworth - Community Corral,1236
362,45.5177479,-122.6822147,,395
682,45.5266787,-122.6735353,,614
363,45.5042571,-122.673338,,55
832,45.5034617,-122.6614567,,39
364,45.522934,-122.684164,,884
369,45.5129374,-122.6557155,,289
365,45.5270181,-122.69446,,438
366,45.5048596,-122.6537342,,419
367,45.5259752,-122.6734997,,517
368,45.5180127,-122.6927539,,247
370,45.5047991,-122.6295795,,413
371,45.5122152,-122.6536891,,883
477,45.5122903,-122.6638325,,32
372,45.5129304,-122.6536889,,415
375,45.5342212,-122.6906683,,491
529,45.5188307,-122.686236,,149
383,45.5079558,-122.6587523,,451
377,45.5193268,-122.6738442,,684
378,45.5099128,-122.6757731,,1146
382,45.5246083,-122.6701985,,627
381,45.5098707,-122.6812436,,641
388,45.5228714,-122.6317108,,221
1469,45.4995378,-122.6456703,,43
385,45.5300108,-122.6868293,,36
386,45.5164373,-122.6361002,,131
389,45.530805,-122.6657957,,208
568,45.5121296,-122.6754687,,1592
391,45.5262305,-122.6984901,,295
413,45.5195924,-122.674829,,1028
1044,45.4981732,-122.6540485,,292
392,45.51715,-122.6455657,,87
393,45.5208017,-122.6617888,,785
509,45.5058031,-122.6547489,,351
394,45.5293695,-122.6823725,,1411
411,45.5228967,-122.6485481,,410
395,45.5186855,-122.6828343,,662
460,45.5174734,-122.6783165,,1799
871,45.5124107,-122.6765074,,728
422,45.5164476,-122.6244306,,118
398,45.5252624,-122.6734734,,733
399,45.5069185,-122.6733703,,1876
400,45.5314977,-122.6545881,,563
401,45.5545777,-122.6690146,,15
1212,45.5265956,-122.6785969,,642
402,45.5169626,-122.6401539,,17
448,45.5172227,-122.6577156,,423
403,45.5370703,-122.661648,,81
404,45.5265834,-122.679218,,835
405,45.5211986,-122.6751285,,800
406,45.4988983,-122.6542172,,109
407,45.5230215,-122.679085,,982
408,45.5341466,-122.6947255,,898
409,45.5178549,-122.6769385,,1613
2387,45.5080751,-122.6257364,,35
439,45.5252439,-122.6744876,,361
424,45.5228877,-122.6464195,,161
414,45.5282107,-122.673371,,1613
416,45.5158675,-122.6780176,,211
432,45.5300414,-122.6854175,,3569
417,45.5229782,-122.6818492,,472
428,45.5449084,-122.6775915,,1609
418,45.5301243,-122.6813778,,731
426,45.5307017,-122.6762415,,1319
420,45.5165337,-122.6776568,,381
458,45.5179256,-122.6546679,,360
479,45.508602,-122.6537136,,82
421,45.5165028,-122.6556917,,1428
423,45.5164579,-122.6425089,,216
634,45.51623176,-122.6360679,SE 29th at Belmont,3569
425,45.5140223,-122.6825276,,222
449,45.5122277,-122.6567345,,1046
494,45.514664,-122.6763653,,500
431,45.5207844,-122.6566213,,673
489,45.5238366,-122.6734209,,2560
435,45.5272599,-122.6812757,,812
441,45.5186536,-122.6586654,,345
433,45.5048055,-122.6346596,,330
434,45.5545774,-122.6680175,,80
440,45.515808,-122.6607669,,132
442,45.5350535,-122.6535419,,772
436,45.5142427,-122.6777338,,1041
437,45.5137485,-122.6815049,,525
2534,45.540774,-122.6082542,,40
438,45.5213484,-122.6813937,,1004
443,45.5200802,-122.6618002,,601
445,45.554626,-122.674989,,516
444,45.562681,-122.6780133,,13
1511,45.5332849,-122.7027742,,116
620,45.5150867,-122.6587051,,427
454,45.5047947,-122.6262496,,171
447,45.5249169,-122.6923521,,421
456,45.5193174,-122.6370939,,83
450,45.5350569,-122.6545566,,514
457,45.5299813,-122.6884808,,1155
451,45.5200657,-122.654653,,540
490,45.5148355,-122.6884049,,229
461,45.5248023,-122.6485379,,172
452,45.5286623,-122.6823504,,838
453,45.5626787,-122.6770005,,89
455,45.5279495,-122.6823139,,514
466,45.5229366,-122.6840002,,1562
459,45.5363304,-122.685748,,585
465,45.5120818,-122.6425326,,596
514,45.5507926,-122.6679872,,136
754,45.5343636,-122.660649,,627
583,45.5034095,-122.6729159,,611
469,45.534316,-122.6448424,,97
972,45.5048295,-122.6456377,,286
463,45.5048289,-122.6450982,,139
462,45.5172294,-122.6597443,,841
464,45.5228863,-122.6455088,,112
468,45.52439,-122.6821843,,1685
505,45.5215148,-122.6617841,,389
471,45.5231295,-122.6733823,,927
470,45.5241667,-122.6943539,,361
515,45.5374158,-122.6495209,,120
573,45.5248934,-122.6617261,,280
482,45.5263426,-122.6924051,,647
1078,45.5299068,-122.6925377,,724
478,45.5200851,-122.6607401,,1224
474,45.5248232,-122.6974423,,169
670,45.5228065,-122.6896956,,268
475,45.5348947,-122.6688776,,157
557,45.5047978,-122.6285874,,33
485,45.5255924,-122.6944069,,488
480,45.508028,-122.6819378,,511
481,45.5173536,-122.6807202,,428
483,45.530808,-122.6637158,,486
484,45.5200615,-122.6536396,,134
487,45.5258342,-122.6812229,,303
488,45.5312579,-122.6966478,,503
537,45.5115347,-122.6628247,,826
492,45.5124884,-122.6680453,,1242
1075,45.517919,-122.6930874,,121
491,45.5326462,-122.6987295,,591
497,45.5350469,-122.6525247,,496
501,45.5244745,-122.6775077,,1006
507,45.5293354,-122.6616957,,93
493,45.537438,-122.644822,,71
504,45.5138446,-122.6732983,,1285
496,45.5576728,-122.6615436,,118
513,45.5564139,-122.6615663,,318
498,45.5194711,-122.6720933,,660
502,45.522452,-122.6854938,,82
499,45.5033994,-122.6446348,,272
500,45.5279608,-122.6606895,,82
503,45.534357,-122.6586002,,345
601,45.5283691,-122.6985699,,476
511,45.54107815,-122.6769716,N Russell at Interstate,2367
506,45.5278242,-122.6894156,,252
980,45.5193518,-122.6546584,,339
508,45.5235949,-122.6622209,,1044
577,45.5280414,-122.6776231,,1021
540,45.5275223,-122.6371863,,94
512,45.4967752,-122.6304761,,55
516,45.5165043,-122.6586885,,1412
539,45.5273269,-122.677609,,1498
625,45.5143602,-122.6546917,,217
517,45.5265199,-122.6707686,,284
534,45.526452,-122.6271127,,11
519,45.5272414,-122.6822899,,453
520,45.5122384,-122.6788391,,711
532,45.5200764,-122.6571849,,932
521,45.5315047,-122.6586386,,755
531,45.5158224,-122.6658465,,1491
522,45.5208057,-122.6707867,,1472
523,45.5164587,-122.6309572,,391
524,45.5119639,-122.6777986,,117
525,45.5193253,-122.643512,,227
552,45.5172259,-122.658691,,329
527,45.5218677,-122.6747676,,1076
528,45.5418855,-122.6616111,,378
530,45.5482464,-122.6504109,,120
533,45.5251884,-122.67753,,681
535,45.5251028,-122.6822107,,569
541,45.51428833,-122.6572283,Design Week Portland Pop Up - Disabled,143
536,45.5085689,-122.6650519,,546
538,45.5591044,-122.6516972,,78
545,45.5229002,-122.68579,,62
542,45.509382,-122.6587429,,145
570,45.5122018,-122.6493827,,175
543,45.5202885,-122.6831361,,472
544,45.5164487,-122.6347976,,204
931,45.5294125,-122.6659616,,73
549,45.5121994,-122.6486205,,360
546,45.5250166,-122.6872859,,146
547,45.5113551,-122.6839679,,978
548,45.5336538,-122.6616691,,145
550,45.5328456,-122.6797659,,1273
551,45.5348763,-122.6896728,,28
559,45.5337641,-122.6366764,,286
1726,45.5308103,-122.6651471,,27
553,45.5005049,-122.6717222,,324
554,45.5308092,-122.6647436,,55
555,45.5173913,-122.6607569,,544
561,45.5250767,-122.6607072,,67
562,45.5422432,-122.604573,,33
560,45.4974494,-122.6207738,,31
558,45.5115281,-122.6607962,,145
1151,45.5159966,-122.6756495,,355
593,45.5574255,-122.706466,,69
572,45.527275,-122.6606942,,148
580,45.5591291,-122.6615157,,235
563,45.5285184,-122.6904563,,536
564,45.5122395,-122.6648445,,25
567,45.5495387,-122.6667264,,428
565,45.5184237,-122.681868,,331
1062,45.5421151,-122.6586063,,347
566,45.5198986,-122.6902301,,250
576,45.5228717,-122.6414484,,757
569,45.538562,-122.6896141,,291
575,45.5153551,-122.6818058,,521
571,45.5132018,-122.6794614,,190
679,45.5118686,-122.6801832,,294
579,45.5266679,-122.6745398,,354
587,45.5308499,-122.6328277,,1079
578,45.5120493,-122.6212249,,203
850,45.5165812,-122.6217506,,204
585,45.5262679,-122.6964618,,1710
581,45.5214421,-122.637302,,258
591,45.5165734,-122.6194763,,285
584,45.5034396,-122.639666,,411
586,45.5153293,-122.6760058,,173
590,45.5264691,-122.6345073,,182
588,45.5343406,-122.6515172,,134
589,45.5204119,-122.6778923,,1762
740,45.5179493,-122.6618073,,401
598,45.52288,-122.6372759,,628
603,45.5048675,-122.6557694,,294
592,45.5251585,-122.6791683,,504
594,45.513891,-122.6877658,,281
597,45.5164514,-122.6258664,,323
595,45.5173998,-122.6618067,,100
596,45.5165636,-122.6863212,,449
608,45.4847598,-122.6397136,,101
604,45.5328735,-122.6370985,,348
599,45.532936,-122.6606599,,213
712,45.5342398,-122.689654,,363
1164,45.4939711,-122.6709606,,272
984,45.5307982,-122.6606624,,389
614,45.5228652,-122.6287394,,56
611,45.5129524,-122.6648464,,149
605,45.5237085,-122.7000256,,88
1070,45.5306755,-122.6895215,,548
1155,45.529259,-122.6536764,,297
613,45.5214706,-122.6704289,,518
617,45.5237829,-122.7005571,,456
606,45.5240541,-122.6989251,,126
607,45.4985656,-122.670812,,52
610,45.531407,-122.6885338,,510
618,45.5231095,-122.6702964,,285
619,45.5214876,-122.6536298,,631
612,45.5279311,-122.6474994,,331
703,45.5314784,-122.6505241,,267
632,45.5065162,-122.6547442,,1106
615,45.529077,-122.6543512,,222
627,45.536518,-122.6199366,,120
616,45.5222999,-122.6821029,,692
675,45.5172091,-122.6536583,,282
847,45.5229375,-122.6607213,,1179
621,45.5626863,-122.6749798,,487
622,45.5421213,-122.6616124,,95
623,45.5143097,-122.6347921,,111
1176,45.5122069,-122.6506464,,276
626,45.5191117,-122.6872973,,19
628,45.5201302,-122.6711389,,1196
695,45.516687,-122.6810802,,401
630,45.5270927,-122.6904033,,266
631,45.5010151,-122.6675788,,170
636,45.5070357,-122.6451192,,105
633,45.520565,-122.6898693,,395
635,45.5231236,-122.6922851,,662
637,45.5136471,-122.6546965,,271
638,45.4943095,-122.6719737,,360
639,45.5040947,-122.6396692,,25
644,45.521542,-122.706764,,1050
711,45.5627439,-122.6621037,,70
641,45.5089235,-122.6817643,,413
642,45.5286447,-122.6606803,,98
669,45.5114476,-122.675858,,232
643,45.5319333,-122.6987029,,414
645,45.5236529,-122.6617728,,474
647,45.5186624,-122.6618026,,99
646,45.52002,-122.6914901,,137
1750,45.5229152,-122.6546347,,176
653,45.5905459,-122.7552631,,36
650,45.512248,-122.6607846,,312
648,45.522914,-122.6536202,,197
649,45.5233209,-122.6963404,,322
907,45.5189549,-122.6838536,,607
651,45.5355355,-122.6968141,,757
662,45.5236658,-122.6515857,,72
659,45.512064,-122.6286668,,121
658,45.5590381,-122.6338394,,141
671,45.5120681,-122.6308899,,330
652,45.5615163,-122.6306702,,63
656,45.5193521,-122.679635,,1355
654,45.4943195,-122.6729747,,22
655,45.5150935,-122.6607727,,517
657,45.5172733,-122.6627866,,359
668,45.5194511,-122.6714939,,147
660,45.5276562,-122.6985433,,384
661,45.5120873,-122.6441596,,28
680,45.5048505,-122.6517163,,356
663,45.554593,-122.6734032,,27
664,45.5294526,-122.652736,,20
665,45.5351002,-122.6636873,,508
718,45.505298,-122.6141167,,93
666,45.5155259,-122.6880608,,144
730,45.5221371,-122.6372902,,1595
667,45.5174651,-122.6725753,,361
676,45.5191933,-122.6999983,,184
672,45.5354975,-122.6988359,,550
684,45.5193277,-122.6283569,,57
1185,45.5265582,-122.6617021,,281
674,45.5353866,-122.7048438,,393
673,45.5139244,-122.6735944,,146
678,45.5350378,-122.648469,,227
1102,45.5193687,-122.6597303,,628
677,45.559818,-122.6683589,,81
686,45.5266153,-122.6775827,,311
681,45.5058822,-122.6619588,,141
685,45.5699342,-122.673821,,136
683,45.517939,-122.6586863,,155
687,45.5207746,-122.6536346,,168
696,45.5262985,-122.670732,,124
704,45.5072293,-122.6547394,,276
688,45.5482657,-122.6679654,,116
713,45.4939839,-122.6486037,,909
694,45.5084654,-122.6375663,,44
689,45.5300596,-122.6606764,,616
1420,45.5264713,-122.6372134,,205
690,45.530109,-122.6772893,,62
699,45.5133558,-122.6828884,,196
691,45.5215064,-122.684831,,328
693,45.5520542,-122.6679973,,49
697,45.534354,-122.6555756,,194
698,45.5207307,-122.6373145,,108
708,45.5343098,-122.6430072,,532
700,45.5230461,-122.6678137,,85
701,45.5555338,-122.6667624,,68
702,45.4943014,-122.6709533,,48
1161,45.5230114,-122.6662437,,504
719,45.5132329,-122.688131,,2014
705,45.5055115,-122.6572596,,36
706,45.5279407,-122.6683125,,32
707,45.5193621,-122.6577553,,801
3306,45.5615778,-122.6497087,,14
728,45.5111947,-122.6805467,,310
709,45.5263798,-122.6903768,,142
726,45.5182439,-122.6712208,,246
715,45.5350263,-122.6686344,,416
710,45.5272784,-122.6617082,,346
1427,45.5100783,-122.6537042,,144
949,45.5164465,-122.6391431,,730
2138,45.571859,-122.6517257,,22
716,45.5197742,-122.6869265,,183
717,45.5230877,-122.6695852,,604
2536,45.517277,-122.6637984,,121
2357,45.5172825,-122.6648253,,110
727,45.5120565,-122.6239673,,251
720,45.5321012,-122.6895745,,120
750,45.523074,-122.69128,,1267
721,45.5173489,-122.6835569,,237
722,45.5300954,-122.6823954,,614
725,45.4915814,-122.6730113,,27
745,45.5350205,-122.6430025,,317
723,45.501566,-122.6588409,,283
741,45.5142733,-122.6835026,,252
724,45.5150969,-122.6618269,,303
732,45.4686071,-122.6530054,,23
734,45.5263984,-122.6893626,,1185
733,45.4693541,-122.6530044,,20
1871,45.4816704,-122.6496651,,63
731,45.5065424,-122.6610141,,177
737,45.5351065,-122.6657193,,43
2194,45.5193163,-122.6348403,,85
735,45.5128086,-122.680844,,216
736,45.5229324,-122.6592004,,451
738,45.5221732,-122.6455111,,136
764,45.5394642,-122.6755575,,137
933,45.512246,-122.6618417,,267
2496,45.5269949,-122.6717701,,50
739,45.5250843,-122.6832248,,1383
865,45.5143568,-122.6536774,,466
744,45.5240602,-122.6984091,,345
742,45.5129408,-122.6567298,,545
760,45.5169682,-122.6906847,,549
746,45.5193381,-122.6654538,,112
758,45.5350602,-122.6555712,,322
743,45.5206847,-122.6789069,,1106
753,45.5356808,-122.6209495,,231
769,45.5093654,-122.6850602,,785
749,45.5265285,-122.6822635,,943
747,45.5207757,-122.6546473,,395
756,45.5093865,-122.6608269,,950
748,45.5193853,-122.6648021,,300
751,45.5252992,-122.6714625,,1976
752,45.5258157,-122.6822371,,250
755,45.5017014,-122.6719019,,98
1037,45.5048405,-122.648675,,82
890,45.5286591,-122.6657755,,78
757,45.5151101,-122.6658442,,650
765,45.559054,-122.6379,,123
759,45.5336271,-122.650486,,44
761,45.5179418,-122.660756,,169
762,45.5122243,-122.6557203,,592
763,45.5048369,-122.6476609,,85
766,45.5122311,-122.6577488,,52
1091,45.5308058,-122.6653568,,215
768,45.5193755,-122.6617981,,260
822,45.504829,-122.645975,,807
819,45.5209424,-122.6798774,,814
771,45.5590455,-122.6353915,,48
775,45.5626942,-122.6729535,,224
1436,45.5164606,-122.6323424,,150
772,45.5314278,-122.6871428,,19
773,45.5164823,-122.6496058,,83
774,45.5072499,-122.6623723,,207
776,45.5143804,-122.6607774,,212
778,45.5212282,-122.6837964,,1280
780,45.5214925,-122.6556639,,747
779,45.5410101,-122.6727777,,109
791,45.4650415,-122.6530104,,52
789,45.5129458,-122.6638284,,972
784,45.5627041,-122.6874814,,56
781,45.5215113,-122.6607307,,553
792,45.5125392,-122.667354,,131
786,45.5119116,-122.6018764,,34
782,45.532008,-122.6946458,,298
783,45.5164858,-122.6506201,,180
787,45.5375987,-122.7009444,,15
785,45.5266523,-122.6755544,,843
790,45.5053469,-122.6048975,,13
788,45.53334333,-122.6975367,Best Of Portland Block Party - Disabled,17
797,45.51286667,-122.67487,Blues Fest - SW Waterfront at Clay - Disabled,823
793,45.5321724,-122.6448607,,40
794,45.5193417,-122.6824792,,1137
796,45.5032057,-122.6544265,,13
806,45.5028452,-122.6542449,,41
799,45.5157998,-122.6587004,,588
798,45.5134298,-122.674732,,232
956,45.5278228,-122.6727625,,336
801,45.5120376,-122.6161646,,79
802,45.5177466,-122.6793375,,1672
803,45.505611,-122.6537327,,13
808,45.5298695,-122.6945662,,435
804,45.56271655,-122.6350486,NE Killingsworth at 30th - Community Corral,639
2592,45.5565067,-122.7029096,,38
1818,45.5565967,-122.7043229,,21
805,45.4977943,-122.6376041,,180
811,45.5520758,-122.6615706,,213
807,45.5590896,-122.6477762,,86
2516,45.5228983,-122.6859192,,32
878,45.5717795,-122.6567907,,174
809,45.5122137,-122.6526762,,37
810,45.512077,-122.6371452,,129
812,45.5340395,-122.6249278,,17
1076,45.517192,-122.6485866,,49
1603,45.5115407,-122.6648548,,380
813,45.518926,-122.6751897,,614
816,45.5377816,-122.6209532,,217
833,45.5264711,-122.6359119,,184
814,45.57178,-122.6573569,,48
826,45.5664042,-122.6370847,,33
818,45.5047943,-122.6257187,,139
825,45.5482729,-122.6586039,,435
815,45.5193312,-122.6485721,,207
1585,45.523471,-122.6982852,,73
821,45.5351651,-122.6332533,,1096
2426,45.5351411,-122.6199333,,43
1708,45.5370276,-122.6179195,,149
823,45.5365648,-122.618934,,117
828,45.535165,-122.63068,,35
827,45.5343546,-122.6576039,,311
2613,45.5351623,-122.626028,,89
829,45.5410207,-122.6771278,,58
870,45.5086689,-122.6587476,,338
830,45.516021,-122.681443,,363
1405,45.5080632,-122.6632161,,260
831,45.5120609,-122.626765,,674
834,45.5350434,-122.6504884,,440
861,45.5208322,-122.6908689,,418
1450,45.5185553,-122.6731831,,340
835,45.5546299,-122.6760619,,220
842,45.4979461,-122.6396324,,115
839,45.5378051,-122.6746893,,29
836,45.509781,-122.6347639,,40
941,45.5343611,-122.6596357,,178
837,45.5189482,-122.6866758,,14
838,45.538894,-122.6747455,,61
898,45.5105362,-122.6808937,,721
908,45.5421143,-122.6575561,,39
840,45.5193347,-122.6495865,,240
841,45.5182799,-122.6842217,,162
876,45.5048117,-122.639617,,210
843,45.5122977,-122.6673146,,444
844,45.5125262,-122.6798017,,447
1063,45.5122851,-122.6628209,,240
845,45.5193787,-122.6627733,,201
849,45.5330415,-122.6667571,,122
848,45.5203017,-122.6888852,,400
846,45.5162906,-122.6853012,,565
911,45.5590594,-122.6394229,,25
912,45.5350711,-122.6596311,,142
862,45.5279037,-122.6434411,,682
851,45.5249727,-122.6893097,,93
852,45.5162041,-122.6658536,,47
864,45.5068431,-122.647442,,76
854,45.527934,-122.650547,,78
855,45.5244085,-122.6811702,,627
856,45.4993567,-122.6446538,,80
857,45.5364693,-122.6504889,,125
891,45.519345,-122.6526298,,381
858,45.5006928,-122.6717187,,24
859,45.5236371,-122.6566588,,139
860,45.5161266,-122.6733104,,306
863,45.5380603,-122.6677286,,49
896,45.5626605,-122.6821216,,262
866,45.523595,-122.6372618,,152
885,45.5300898,-122.6647821,,133
867,45.5336505,-122.6606545,,66
873,45.5447027,-122.6719854,,21
869,45.5268053,-122.6735427,,62
1156,45.5172193,-122.6567013,,273
874,45.5314852,-122.6525498,,240
872,45.5196722,-122.6865217,,21
875,45.5120577,-122.6245,,339
877,45.5314279,-122.6872716,,21
887,45.5171954,-122.649601,,80
879,45.5129282,-122.6784386,,236
880,45.5338895,-122.6703363,,35
881,45.5663516,-122.6604092,,177
882,45.541019,-122.675853,,84
884,45.5717741,-122.6543203,,24
894,45.5120486,-122.6228387,,116
886,45.5300347,-122.6671558,,177
888,45.5194898,-122.6858874,,251
925,45.516527,-122.6229683,,280
889,45.5627069,-122.6349177,,68
892,45.5555029,-122.6595707,,70
895,45.5275122,-122.6414141,,144
893,45.556103,-122.6822072,,20
902,45.5164496,-122.6401575,,217
897,45.5222279,-122.6617835,,98
909,45.4847337,-122.6343474,,22
899,45.5279073,-122.6371752,,148
900,45.4952962,-122.6396157,,16
903,45.5312952,-122.6946193,,287
901,45.5229092,-122.6852432,,231
962,45.5384442,-122.6744794,,39
906,45.5192848,-122.6161413,,179
904,45.5590625,-122.6404379,,39
1038,45.522924,-122.6566635,,675
916,45.5006364,-122.6446483,,369
910,45.5627189,-122.6480593,,80
921,45.5090834,-122.6840225,,1483
915,45.5048489,-122.6507032,,394
914,45.5264297,-122.4963916,,34
1539,45.5365205,-122.6219687,,21
913,45.5271113,-122.6893891,,143
917,45.5168246,-122.6873231,,306
920,45.5224406,-122.5183918,,31
919,45.5378043,-122.6744895,,120
922,45.527931,-122.6495171,,58
923,45.5120745,-122.6347864,,170
924,45.5479071,-122.6616046,,43
926,45.54828,-122.6616017,,177
927,45.5482639,-122.6576788,,98
928,45.5717985,-122.6613728,,23
929,45.4949994,-122.6709379,,231
930,45.5127543,-122.6618405,,107
932,45.508083,-122.6295943,,139
934,45.5229308,-122.6586924,,874
936,45.5228932,-122.6863703,,63
937,45.5120468,-122.6202023,,327
1019,45.5395662,-122.66163,,60
938,45.5389964,-122.6616342,,89
939,45.5012433,-122.6396551,,65
1048,45.5107912,-122.6536996,,168
942,45.5387151,-122.6616363,,143
943,45.5298543,-122.6353927,,80
946,45.5344199,-122.623998,,142
945,45.5315192,-122.6616871,,141
1215,45.5115112,-122.655725,,106
948,45.5119332,-122.61161,,100
947,45.5229036,-122.6505769,,93
1001,45.518016,-122.6831949,,371
953,45.4906033,-122.6327049,,32
950,45.5327209,-122.6946724,,459
952,45.5264458,-122.6873355,,891
1280,45.5350267,-122.6448377,,315
951,45.5182262,-122.6937608,,383
954,45.4967995,-122.6315178,,48
955,45.5482872,-122.6136972,,104
1286,45.52231833,-122.63733,SE Ankeny at 28th - Disabled,279
1210,45.5164892,-122.6516344,,110
963,45.5052938,-122.6151829,,652
957,45.5545851,-122.6667671,,519
958,45.5249914,-122.6882955,,330
959,45.5230152,-122.6902358,,672
960,45.5100817,-122.6547203,,160
961,45.5259567,-122.6745139,,749
1073,45.5143736,-122.6587098,,249
969,45.5209759,-122.707823,,533
964,45.5379364,-122.661642,,188
967,45.541016,-122.6748065,,77
1388,45.5164437,-122.6381288,,313
965,45.5229514,-122.6622771,,194
966,45.5590638,-122.6409458,,48
968,45.5410154,-122.674607,,30
971,45.5108185,-122.6618541,,18
970,45.5176156,-122.6816963,,327
976,45.547176,-122.6616105,,361
974,45.5269434,-122.6985167,,426
973,45.536118,-122.6853566,,248
975,45.5122132,-122.6528071,,78
981,45.5179222,-122.6536535,,175
977,45.5145586,-122.6874113,,166
978,45.5136437,-122.6536822,,283
1005,45.4913187,-122.6486511,,378
982,45.5351031,-122.6647033,,144
983,45.5306569,-122.6905358,,134
985,45.5520682,-122.6626511,,23
989,45.5591092,-122.6668087,,94
987,45.5297948,-122.6986231,,318
1162,45.5157477,-122.6747055,,192
990,45.5467731,-122.6679747,,53
1060,45.5590563,-122.6384077,,69
992,45.5297574,-122.7006515,,493
2289,45.5265259,-122.6127986,,41
991,45.5554438,-122.645853,,13
993,45.5248796,-122.6943804,,217
996,45.504798,-122.6275979,,70
1375,45.550808,-122.6615821,,320
995,45.504796,-122.6272664,,141
1004,45.5243344,-122.6372506,,251
997,45.4772504,-122.6721178,,52
1056,45.5228744,-122.6345088,,109
998,45.535318,-122.673927,,29
999,45.5193381,-122.6506009,,334
1000,45.5555392,-122.6646813,,816
1002,45.527731,-122.6944865,,257
1003,45.5299976,-122.6874872,,346
1006,45.5546556,-122.6820997,,24
1007,45.5228916,-122.6063903,,22
1018,45.5196219,-122.683496,,261
1010,45.5698976,-122.6822687,,31
1008,45.5340719,-122.6987827,,472
1009,45.5421155,-122.6594464,,50
1011,45.5013426,-122.6446448,,75
1012,45.5120726,-122.6327365,,278
1013,45.5108709,-122.6658888,,199
1180,45.5115491,-122.6638444,,274
1017,45.5242413,-122.6902973,,197
1015,45.5150822,-122.6750629,,313
1016,45.5176228,-122.6845767,,476
1020,45.5115081,-122.6597628,,246
2088,45.521305,-122.6982188,,108
1104,45.5177639,-122.6913873,,202
1039,45.5146831,-122.6821621,,355
1021,45.5165,-122.6638059,,70
1035,45.5156252,-122.6856658,,147
1022,45.5305823,-122.6945927,,272
1023,45.5627049,-122.6448201,,60
1029,45.5229422,-122.6617822,,348
1024,45.5214601,-122.6455123,,30
1025,45.5172023,-122.6516296,,357
1122,45.5041753,-122.6612413,,180
1028,45.5308015,-122.6616867,,296
1030,45.5200339,-122.6455261,,48
1031,45.5545716,-122.6615509,,549
1032,45.5122466,-122.6621332,,435
1111,45.5165741,-122.6669225,,79
1033,45.5264171,-122.6883485,,396
2284,45.4960403,-122.6483878,,338
1225,45.5335269,-122.6896275,,287
1036,45.5186353,-122.6536487,,35
1043,45.5229059,-122.6134671,,41
1040,45.5352558,-122.6736822,,462
1041,45.5102823,-122.6798637,,465
1045,45.5082573,-122.6327248,,48
1047,45.517605,-122.6903463,,91
1069,45.542849,-122.6616054,,140
1051,45.5164753,-122.6475303,,61
1049,45.5135947,-122.6780776,,424
1050,45.5429726,-122.6616055,,140
1052,45.5164789,-122.6485915,,151
1053,45.5291567,-122.6945396,,243
1054,45.5048258,-122.6446185,,107
1057,45.5082028,-122.6473041,,13
1061,45.529813,-122.6666529,,16
1058,45.5162619,-122.6766408,,178
1059,45.4978446,-122.6708393,,410
1179,45.5350413,-122.6494858,,134
1092,45.5350635,-122.6565858,,342
1066,45.5319114,-122.7074427,,112
1064,45.5074092,-122.6755441,,41
1065,45.5241715,-122.6502016,,187
1067,45.5168074,-122.6786794,,519
1234,45.5350724,-122.6606448,,277
1068,45.5357898,-122.6606406,,128
1071,45.568414,-122.6820825,,41
1074,45.5771415,-122.682021,,76
1072,45.5265596,-122.6535954,,94
1081,45.516171,-122.6877092,,75
1077,45.5259351,-122.6454648,,56
1890,45.5591007,-122.6507034,,179
1213,45.5312205,-122.6986763,,101
1130,45.5322248,-122.6606629,,98
1079,45.5604972,-122.661489,,187
1080,45.5533144,-122.6680069,,28
1083,45.5305076,-122.6986497,,149
1142,45.5172321,-122.6607631,,407
1084,45.528537,-122.6894421,,167
1635,45.5149591,-122.6860297,,96
1118,45.5335083,-122.6906418,,918
1089,45.5482477,-122.6514255,,64
1086,45.5264613,-122.6869432,,52
1087,45.5124571,-122.667913,,63
1643,45.5168419,-122.6607586,,83
1088,45.5343857,-122.6411772,,109
1200,45.5229726,-122.689233,,227
1090,45.5365054,-122.6613919,,11
1096,45.5362253,-122.7175577,,32
1093,45.520277,-122.6802403,,1851
2053,45.5699384,-122.6924973,,26
1094,45.5178947,-122.6455586,,53
1124,45.5339977,-122.7028009,,207
1120,45.535097,-122.6626726,,41
1098,45.5250245,-122.6865276,,18
1099,45.5140407,-122.6740414,,47
1100,45.5355569,-122.6957311,,234
1103,45.5305596,-122.6683984,,1294
1101,45.5249541,-122.6903238,,175
1112,45.5193262,-122.6455402,,62
1105,45.5250551,-122.6536038,,23
1107,45.5172302,-122.6612058,,38
1106,45.5253175,-122.6702851,,342
1604,45.52642,-122.616178,,18
1596,45.535165,-122.6230161,,38
1296,45.524986,-122.678461,NW 8th at Everett - Disabled,3116
1108,45.5100263,-122.6788772,,247
1109,45.5059262,-122.6843303,,74
1110,45.5125118,-122.6675949,,98
1133,45.5343662,-122.6687679,,83
1966,45.5347106,-122.7028275,,152
1113,45.5619207,-122.6823818,,74
1114,45.5048733,-122.6577968,,103
1115,45.5202259,-122.6922359,,154
1117,45.5047964,-122.6239312,,48
1116,45.5014807,-122.6557978,,143
1119,45.5590822,-122.6458247,,106
1123,45.5343565,-122.6626784,,315
1121,45.5236506,-122.6607166,,301
1728,45.5297203,-122.7026605,,45
1230,45.5228783,-122.6359225,,324
1125,45.5123445,-122.6675278,,424
1126,45.5405287,-122.6504624,,139
1129,45.5229206,-122.6556491,,450
1127,45.5555373,-122.6657014,,22
1128,45.5079816,-122.6765779,,26
1154,45.5399747,-122.6667007,,80
1131,45.5627262,-122.6900119,,16
1132,45.5337697,-122.667606,,145
1152,45.5143837,-122.6618222,,62
1134,45.5275595,-122.6691823,,46
1135,45.5259012,-122.6775564,,495
1136,45.514714,-122.6746944,,68
1137,45.5222093,-122.6546327,,427
2044,45.51745667,-122.66398,Portland Night Market,32
1138,45.5164903,-122.6640767,,328
1839,45.5048083,-122.6366729,,242
1140,45.5232766,-122.6982331,,126
1141,45.5351666,-122.640128,,73
1143,45.5120657,-122.6305888,,150
1145,45.5343221,-122.6466775,,107
1144,45.4736865,-122.6715901,,15
1146,45.5385175,-122.674478,,35
1278,45.5008894,-122.6531636,,90
1147,45.5229066,-122.6519989,,44
1157,45.5403471,-122.7039338,,14
1149,45.5235284,-122.6902708,,116
2029,45.4940108,-122.6528122,,70
1170,45.5311297,-122.6695546,,49
1153,45.5329407,-122.6616736,,88
1159,45.5132599,-122.6019058,,39
1158,45.5205884,-122.6936092,,164
1160,45.5222014,-122.6536256,,88
1173,45.5357376,-122.6448331,,121
1224,45.5120633,-122.6282238,,127
1163,45.51661167,-122.6721833,Rose Festival - Yamhill - Disabled,318
1754,45.5227449,-122.6536175,,58
1167,45.5301913,-122.6345017,,62
1165,45.507404,-122.6760348,,78
1166,45.5288337,-122.6671727,,11
1543,45.4950173,-122.6719515,,47
1168,45.5437187,-122.6771278,,12
1169,45.5336237,-122.6259468,,20
1171,45.5292816,-122.6454637,,28
1175,45.5298277,-122.6673208,,86
1440,45.535643,-122.6907304,,52
1172,45.5126649,-122.677454,,386
2945,45.5401852,-122.705226,,25
1188,45.523547,-122.6892567,,163
1184,45.5265488,-122.6607072,,342
1174,45.5183677,-122.6943151,,126
1181,45.5165096,-122.6577204,,243
1177,45.5122356,-122.6658585,,34
1178,45.5007121,-122.6714719,,238
1209,45.5172125,-122.6546726,,167
1182,45.5546508,-122.6809749,,19
1183,45.5248017,-122.6984342,,102
1187,45.5236303,-122.6546299,,92
1223,45.5491738,-122.6811105,,81
1186,45.5627016,-122.6712119,,246
1208,45.512196,-122.6476063,,406
1192,45.5367755,-122.7068868,,973
2283,45.5273266,-122.6653557,,110
1189,45.5554994,-122.6585947,,53
1190,45.5236243,-122.6525914,,20
1198,45.5134753,-122.6804841,,415
1191,45.5453614,-122.6666695,,40
1196,45.5369344,-122.7086907,,312
1193,45.4970479,-122.6110635,,12
1195,45.4902431,-122.5758134,,29
1194,45.5320826,-122.6905888,,242
1197,45.5241724,-122.7043239,,34
1201,45.5047892,-122.620381,,137
1199,45.5144089,-122.6840143,,318
1218,45.5051359,-122.6188989,,66
1203,45.5193125,-122.6319817,,71
1204,45.5203337,-122.6926296,,140
1206,45.4585126,-122.6469117,,16
1205,45.5217357,-122.6857012,,219
1681,45.5350468,-122.6515127,,94
1207,45.5186387,-122.6546631,,28
2842,45.538614,-122.7106465,,30
1211,45.5277899,-122.6656007,,131
1460,45.5313127,-122.662511,,372
1257,45.5222244,-122.660726,,136
1217,45.5265072,-122.6444677,,32
1214,45.5627123,-122.6687532,,43
1216,45.513807,-122.674533,,55
1597,45.52723,-122.6652237,,117
1221,45.5233759,-122.6973996,,132
1219,45.5095105,-122.676977,,44
1220,45.5207982,-122.6607354,,459
2396,45.5663223,-122.6820882,,19
1229,45.5193187,-122.6393109,,95
1226,45.5249339,-122.6913245,,362
1227,45.5041144,-122.6446255,,22
1228,45.5279489,-122.653571,,52
1231,45.5287242,-122.6383046,,154
1256,45.4933414,-122.6246311,,13
2389,45.5236143,-122.6517312,,17
1232,45.5074057,-122.6758672,,16
1233,45.5269453,-122.6704925,,118
1235,45.5627216,-122.6487238,,117
1238,45.533359,-122.6987561,,1095
1269,45.5374569,-122.6504825,,107
1271,45.5120398,-122.6171399,,114
1237,45.5225993,-122.7149138,,34
1824,45.5120304,-122.6131156,,142
1241,45.5627454,-122.6596132,,232
1236,45.5553782,-122.6821805,,98
1247,45.4634741,-122.579057,,18
1239,45.5627439,-122.658702,,117
1240,45.5120501,-122.6215546,,67
1242,45.5120285,-122.6123729,,48
1243,45.5231987,-122.6939689,,21
1246,45.473712,-122.6499939,,41
1244,45.5229234,-122.68823,,439
1245,45.5482669,-122.6666996,,245
1254,45.5351654,-122.6367159,,173
1248,45.5233445,-122.6968067,,164
1259,45.5318592,-122.7027209,,37
1252,45.4971123,-122.6345456,,136
1253,45.5053802,-122.5937248,,22
1255,45.5596116,-122.6204167,,34
1250,45.4978688,-122.6718497,,97
1251,45.5192204,-122.6848841,,805
1258,45.5052898,-122.6161569,,45
1607,45.5627224,-122.6669355,,156
1260,45.5627094,-122.645796,,61
1263,45.5590785,-122.644849,,291
1268,45.546827,-122.6808948,,279
1456,45.5300048,-122.6871066,,35
1265,45.4657547,-122.6530094,,88
1264,45.5355756,-122.6947767,,28
1266,45.5054911,-122.6226508,,30
1267,45.5048042,-122.633582,,257
1872,45.522912,-122.6526015,,221
1485,45.5393258,-122.6749157,,202
1270,45.5164975,-122.6648123,,80
1289,45.5634068,-122.6614404,,79
1272,45.511518,-122.6577535,,26
1275,45.5170968,-122.6883939,,76
1274,45.5048437,-122.6496891,,675
1276,45.5078043,-122.6842123,,21
1277,45.5093677,-122.6547263,,72
1279,45.4981976,-122.640647,,43
1284,45.496749,-122.6483072,,57
1281,45.5268077,-122.6713014,,70
1290,45.5172002,-122.6506168,,167
1282,45.5364543,-122.6306789,,118
1283,45.5343161,-122.6494859,,84
1285,45.5100951,-122.6587381,,92
2464,45.5038587,-122.6547448,,26
1287,45.5236438,-122.6586877,,354
1288,45.559097,-122.6497277,,333
2779,45.5314618,-122.6448655,,46
1291,45.5627044,-122.6706696,,19
1292,45.5299627,-122.6894951,,409
1293,45.5404975,-122.6411537,,11
1294,45.5496125,-122.6809333,,157
1297,45.5084682,-122.6403841,,28
1295,45.5408393,-122.7000576,,18
1299,45.5310027,-122.6697473,,225
1300,45.561945,-122.6825783,N Willamette at Interstate - Disabled,460
1301,45.5101019,-122.6608056,,287
1302,45.5088371,-122.6497605,,119
1303,45.5283035,-122.639385,,127
1309,45.5598261,-122.6306752,,54
1304,45.5317187,-122.6306539,,113
1305,45.5300599,-122.6506042,,54
1307,45.5603443,-122.6497181,,32
1308,45.5201578,-122.7107239,,77
1311,45.510043,-122.6114478,,12
1312,45.4968322,-122.6293242,,55
1313,45.5532631,-122.6912553,,60
1314,45.5393236,-122.6908895,,128
1315,45.549531,-122.6679771,,189
1316,45.5399595,-122.661627,,266
1328,45.5410182,-122.678315,,40
1318,45.5000504,-122.6491645,,359
1320,45.5590609,-122.6399304,,76
1317,45.5410371,-122.6694573,,59
1319,45.5193131,-122.6295633,,38
1323,45.5007181,-122.6603772,,144
1322,45.5265119,-122.6101824,,85
1321,45.5080635,-122.6203287,,59
1324,45.4998176,-122.6396439,,43
1325,45.5875013,-122.7596864,,18
1326,45.5591004,-122.6874488,,106
1329,45.5591264,-122.6604809,,35
1330,45.5495272,-122.6615927,,229
1331,45.5597101,-122.6821576,,40
1332,45.5494791,-122.6504001,,242
1333,45.5401238,-122.6306893,,53
1334,45.5405782,-122.6199365,,15
1337,45.5138907,-122.7207775,,13
1336,45.4791859,-122.6303956,,12
1338,45.4903021,-122.6395863,,11
1339,45.5192975,-122.6200561,,41
1340,45.4643265,-122.6600267,,26
1341,45.4994386,-122.6801837,,32
1342,45.5771334,-122.6901172,,12
1344,45.5718794,-122.6397514,,12
1350,45.4903343,-122.6503948,,11
1358,45.5328261,-122.6190206,,99
1365,45.53715171,-122.6881027,NW Front at 17th,9857
1367,45.522793,-122.656616,SE 9th at Burnside,4146
1368,45.5022705,-122.675596,,94
1369,45.52276526,-122.6789939,SW Park at W Burnside - Community Corral,3483
1379,45.5172325,-122.6916725,,1469
1370,45.515145,-122.678423,SW 4th at Jefferson (City Hall) - Community Corral,713
1371,45.5591096,-122.6536485,,152
1374,45.559107,-122.6526729,,745
1540,45.51012,-122.6628267,,14
1399,45.5482371,-122.6401059,,17
1377,45.5626965,-122.6864758,,40
1438,45.5265016,-122.643945,,60
1378,45.4933752,-122.6396041,,129
1393,45.522793,-122.684012,SW Harvey Milk at Burnside,5429
1380,45.52378902,-122.6747386,NW 4th at Couch,3686
1412,45.5626903,-122.6739641,,511
1426,45.511892,-122.611306,SE 50th at Hawthorne- Community Corral,1098
1402,45.5627273,-122.6500896,,41
1382,45.548276,-122.611164,NE 50th at Fremont - Community Corral,480
1381,45.5047115,-122.6777195,,12
1424,45.535778,-122.620613,NE 41st at Sandy Blvd (Hollywood Theatre) Community Corral,718
2031,45.5401252,-122.6099816,,90
1462,45.5047898,-122.6252341,,55
1383,45.5320931,-122.671116,,34
1384,45.5150424,-122.6455826,,44
1419,45.526434,-122.636245,NE 28th at Glisan- Community Corral,797
1415,45.4916632,-122.6560759,,130
1385,45.5546103,-122.6744679,,184
1387,45.5006274,-122.6725217,,27
1459,45.534006,-122.655568,NE 10th at Halsey -- Community Corral,491
1389,45.5120822,-122.6422096,,318
1390,45.5390388,-122.6131994,,28
1391,45.505285,-122.610885,SE 50th at Division - Community Corral,642
1404,45.5383863,-122.6969135,,504
1392,45.526578,-122.6635931,,78
1410,45.543747,-122.6719798,,449
1431,45.5365512,-122.6744348,,236
1394,45.5591196,-122.6575537,,244
1447,45.5396457,-122.7071718,,91
1395,45.512997,-122.656726,SE 9th at Madison,1186
1396,45.5590197,-122.6821843,,219
1397,45.4972253,-122.6239055,,26
1400,45.5210418,-122.6954196,,22
1894,45.5554859,-122.654688,,35
1414,45.493337,-122.623397,SE 37th at Gladstone - Community Corral,504
1411,45.5037421,-122.6797602,,87
1401,45.5364613,-122.6859807,,75
1403,45.5420483,-122.6359437,,285
1430,45.504803,-122.6326211,,548
1433,45.5275961,-122.6585046,,256
1416,45.5353146,-122.7088176,,693
1406,45.5086401,-122.685457,,38
1407,45.526507,-122.6088749,,246
1437,45.536585,-122.61862,NE 43rd at Hancock - Community Corral,329
1408,45.51645917,-122.6189983,SE Belmont at 42nd,2161
1550,45.5192911,-122.6192488,,66
1413,45.5626825,-122.6760011,,232
2736,45.4996321,-122.6456697,,18
1417,45.5354787,-122.6998552,,179
1449,45.5122343,-122.658724,,262
1418,45.5230021,-122.6655187,,11
1434,45.5296708,-122.6358538,,52
1521,45.516585,-122.616038,SE Belmont at 45th - Community Corral,483
1423,45.5648535,-122.6614297,,165
1660,45.541258,-122.696672,NW Nicolai at Sherlock Community Corral,246
1421,45.5174959,-122.6926172,,131
1428,45.529689,-122.661806,NE Holladay at MLK - Community Corral,541
1429,45.53561394,-122.6636343,NE 2nd at NE Schuyler,2964
1425,45.538936,-122.643288,NE 22nd at Thompson - Community Corral (Irvington Tennis Club),815
2131,45.5058686,-122.6610168,,19
1470,45.52181825,-122.7044079,SW Park at SW Wright (Oregon Holocaust Memorial) Community Corral,3332
1443,45.5047965,-122.622641,,61
1455,45.5236269,-122.6536155,,235
2237,45.5094951,-122.6227733,,14
1538,45.5340132,-122.6704734,,36
2230,45.4887279,-122.6746615,,56
1712,45.5267057,-122.643434,,43
1473,45.5627257,-122.6496997,,37
1439,45.5420523,-122.6370762,,12
1441,45.5520619,-122.6667467,,271
1442,45.5085301,-122.6463267,,123
1541,45.5279071,-122.6444557,,66
1445,45.5011588,-122.6542271,,94
1446,45.505236,-122.61211,SE 49th at Division - Community Corral,718
1448,45.5225351,-122.6744118,,110
1458,45.5559324,-122.6848764,,123
1452,45.4995477,-122.6727609,,14
2296,45.5350135,-122.6896805,,24
1453,45.5136827,-122.6658522,,159
1507,45.504732,-122.62528,SE 37th at Division - Community Corral,908
1454,45.4973203,-122.6355736,,79
1463,45.5438085,-122.6981789,,33
1474,45.5317769,-122.7072117,,485
1475,45.5561064,-122.6823997,,61
1464,45.493341,-122.635762,SE 29th and Gladstone - Community Corral,822
3058,45.4995422,-122.6854044,,12
1479,45.546774,-122.6616138,,80
1461,45.5178369,-122.6696059,,46
1468,45.508068,-122.6227273,,114
1466,45.5545883,-122.6657143,,179
1465,45.5515729,-122.7140467,,15
1467,45.542046,-122.6350341,,34
1484,45.49723,-122.635405,SE Powell Blvd at 29th Ave - Community Corral,208
1504,45.5313698,-122.6905623,,162
1471,45.5164625,-122.6337081,,74
1589,45.5538832,-122.6021989,,68
1481,45.4875649,-122.6483573,,55
1476,45.5627409,-122.6614464,,34
1477,45.5606369,-122.6614864,,32
1486,45.56274,-122.6636978,,388
1480,45.5474922,-122.6616082,,56
1482,45.5193196,-122.6373398,,19
1855,45.4933538,-122.6297967,,394
1545,45.5364506,-122.6448286,,76
1534,45.5052821,-122.6180536,,214
1498,45.5554302,-122.6419493,,15
1508,45.5590495,-122.6368849,,65
1488,45.4987742,-122.6426287,,46
1492,45.5328084,-122.6896122,,150
1487,45.5626626,-122.6811506,,167
1490,45.5212972,-122.6954179,,54
1489,45.5370647,-122.6907838,,236
1491,45.5251891,-122.647492,,216
1892,45.5048067,-122.635611,,69
1573,45.562676,-122.694604,N Burrage at Killingsworth Community Corral,399
1494,45.5616216,-122.6614677,,58
1493,45.5545891,-122.6646935,,171
1558,45.5185839,-122.6230345,,115
1805,45.5357565,-122.6504936,,42
1505,45.5376746,-122.6968843,,648
1495,45.5627312,-122.6511037,,84
1497,45.5627333,-122.6520993,,57
1499,45.558901,-122.620407,,13
1500,45.5323415,-122.6371079,,55
2510,45.5483055,-122.6197874,,16
1547,45.5273808,-122.7018206,,38
1501,45.5232603,-122.6950554,,107
1502,45.5483063,-122.6203761,,41
1553,45.5582724,-122.6204162,,23
1503,45.5590472,-122.6363774,,41
1506,45.5420614,-122.6411477,,26
1533,45.5420593,-122.6391147,,12
1516,45.5352785,-122.7109969,,434
1509,45.5193018,-122.6244245,,65
1510,45.5285316,-122.6669945,,217
1514,45.5421034,-122.6545114,,51
1530,45.5482502,-122.6524394,,25
1536,45.4984911,-122.6416621,,35
1522,45.5146858,-122.6850067,,71
1513,45.5590255,-122.6306763,,14
1526,45.4981705,-122.6479083,,280
1665,45.5185625,-122.6852407,,149
1515,45.5108491,-122.6228123,,16
1517,45.5590578,-122.6389153,,34
1520,45.4973408,-122.6226162,,66
2344,45.5377851,-122.6284109,,34
1519,45.5053958,-122.6739856,,48
1562,45.5120832,-122.6435501,,131
1548,45.4957165,-122.6709091,,364
2364,45.489607,-122.6483448,,18
1527,45.4999799,-122.6486904,,284
1523,45.5315174,-122.6606563,,78
2998,45.5165336,-122.6959204,,25
1528,45.5080253,-122.6112975,,68
1524,45.564065,-122.6614356,,74
1525,45.539012,-122.6667078,,31
1529,45.5278055,-122.6904298,,69
1531,45.527178,-122.6371965,,81
1693,45.5428264,-122.6681419,,79
1775,45.531476,-122.6494768,,139
1532,45.5437313,-122.6681493,,73
1552,45.5482349,-122.6411208,,98
2288,45.529693,-122.7043883,,18
1535,45.51502139,-122.6224422,SE Taylor at Chavez Community Corral,494
1897,45.5250201,-122.6372403,,117
1537,45.5292429,-122.6894717,,121
1735,45.5345028,-122.6203211,,103
1542,45.5232203,-122.694304,,106
1564,45.5164986,-122.6536668,,85
1544,45.5474724,-122.6679699,,64
1549,45.5207728,-122.6942867,,90
1598,45.5368123,-122.7048971,,269
1869,45.5115078,-122.6547108,,133
1634,45.5398445,-122.675859,,83
1554,45.5007151,-122.6521435,,27
1559,45.5446311,-122.6616311,,266
1557,45.5015459,-122.6568047,,117
1555,45.5368491,-122.7029075,,77
1556,45.5337251,-122.6068839,,13
1621,45.5122113,-122.651959,,35
1560,45.5330149,-122.6720862,,162
1574,45.5048016,-122.631553,,412
1561,45.5155936,-122.6770042,,242
1565,45.5554789,-122.6527341,,50
2223,45.5228998,-122.6120414,,51
2114,45.5611656,-122.6614763,,73
1566,45.5135961,-122.6229374,,101
1779,45.5165653,-122.6152261,,229
1567,45.4975446,-122.616366,,23
1572,45.5037178,-122.6786917,,112
1629,45.5072398,-122.6603499,,150
1568,45.5297012,-122.7036942,,36
2356,45.511497,-122.652859,,22
1582,45.5310262,-122.7061971,,212
1569,45.5545949,-122.6739483,,30
1570,45.5350951,-122.6411744,,176
1571,45.5383506,-122.6149864,,29
1580,45.548307,-122.613677,NE 48th at Fremont - Community Corral,371
1575,45.5171618,-122.6347994,,11
1576,45.5591218,-122.6585294,,131
1577,45.5174968,-122.6683744,,33
1579,45.5129709,-122.6658581,,70
1578,45.5228896,-122.6075388,,27
1581,45.5051931,-122.6831982,,17
1583,45.5232464,-122.6253254,,279
1587,45.5080297,-122.6190987,,13
2117,45.5555106,-122.6096236,,39
2433,45.5627439,-122.695629,,38
1999,45.5119756,-122.6618446,,21
1588,45.5463845,-122.6616169,,19
1698,45.5228574,-122.6515935,,106
2662,45.5627231,-122.6490744,,59
1608,45.5084636,-122.6367509,,43
1591,45.5355132,-122.7124108,,222
1590,45.5229076,-122.6511965,,89
1593,45.5140862,-122.6019361,,64
1594,45.5627205,-122.6306714,,42
1595,45.532572,-122.7027475,,231
1614,45.5007886,-122.6527324,,203
1602,45.5395909,-122.6667035,,189
2112,45.5014978,-122.6612387,,16
1599,45.5228937,-122.68752,,115
1600,45.5184232,-122.6722964,,40
1655,45.5370021,-122.6948302,,12
1720,45.4991408,-122.6396398,,43
1601,45.5298922,-122.6776473,,102
1627,45.5518706,-122.6503794,,94
1658,45.4975884,-122.6365911,,146
1605,45.5084664,-122.6431673,,37
1613,45.5228882,-122.6088692,,326
1611,45.5172422,-122.663798,,34
1645,45.5328854,-122.6448558,,202
1609,45.5363597,-122.6907478,,61
1637,45.5390244,-122.7009977,,64
1638,45.5343436,-122.6566001,,73
1615,45.5297715,-122.6665578,,45
1618,45.5172445,-122.6618095,,38
1612,45.5447903,-122.6774908,,65
1616,45.5477592,-122.6809187,,130
2561,45.5051531,-122.6738948,,12
1770,45.4964431,-122.6719006,,190
1617,45.5117259,-122.6769871,,144
1619,45.5370707,-122.7099866,,12
1620,45.5104183,-122.6764825,,112
1642,45.536584,-122.619967,NE 42nd at Hancock  - Community Corral,128
1630,45.5122478,-122.66282,,204
2419,45.5401235,-122.6949481,,18
2148,45.516472,-122.6465638,,46
1628,45.5387835,-122.6139685,,40
1623,45.5366147,-122.6677402,,36
1626,45.5507792,-122.6503886,,61
1622,45.517562,-122.6929484,,67
1661,45.5337956,-122.6190837,,24
1625,45.5193684,-122.6882679,,16
1710,45.5367594,-122.7078833,,48
1631,45.5337303,-122.6088574,,127
1632,45.537782,-122.6219678,,49
1633,45.5264702,-122.6150174,,22
1654,45.5143293,-122.6455749,,96
2242,45.5410333,-122.6679994,,104
1666,45.52643,-122.634719,NE 30th at Glisan - Community Corral,379
2525,45.5331116,-122.6719103,,25
1639,45.5420675,-122.6306935,,32
2762,45.4954057,-122.6532515,,27
1648,45.5035059,-122.6537538,,104
1641,45.5482808,-122.6116674,,41
1758,45.5191329,-122.6733943,,211
1644,45.4974884,-122.6070918,,15
1664,45.5664149,-122.6614183,,55
1823,45.5236405,-122.6576732,,188
1646,45.4786786,-122.672577,,24
1650,45.5257331,-122.6372284,,214
1651,45.5554613,-122.6499252,,13
1649,45.5334913,-122.6712089,,122
1850,45.5167451,-122.6610168,,16
1677,45.556399,-122.6667421,,58
2754,45.56275,-122.6925829,,24
1995,45.5591122,-122.6546242,,246
1690,45.5563723,-122.6497491,,22
2483,45.5351638,-122.6239988,,24
1659,45.5627346,-122.6647887,,40
1662,45.5048362,-122.6469091,,165
1663,45.5157739,-122.6776685,,104
1668,45.5122361,-122.6638319,,43
1669,45.5303838,-122.7053261,,25
1688,45.5337995,-122.6213088,,59
1674,45.5324237,-122.6289141,,83
2017,45.5048888,-122.6609819,,61
1672,45.5361363,-122.7028808,,34
1673,45.5279034,-122.6404085,,77
1675,45.4975093,-122.6538562,,54
1678,45.5600336,-122.6614979,,74
1683,45.5165682,-122.6170949,,49
1679,45.5461419,-122.6822249,,83
1680,45.4972274,-122.6759299,,26
1685,45.5482442,-122.6370618,,27
2452,45.5137476,-122.6966906,,18
1760,45.527964,-122.661704,,25
1686,45.5214911,-122.6546442,,79
1707,45.5264805,-122.5971028,,12
1687,45.5129376,-122.6628196,,125
1699,45.5351662,-122.6381572,,113
1743,45.525667,-122.6903503,,209
1733,45.5265096,-122.6711782,,71
1689,45.5582415,-122.6682285,,46
1691,45.5164405,-122.6371145,,115
1763,45.5590933,-122.648752,,178
1727,45.5029548,-122.6764946,,54
1696,45.5453805,-122.6045876,,172
1704,45.5006137,-122.6521584,,67
1697,45.5428423,-122.6719768,,61
1738,45.526467,-122.6331027,,27
1695,45.5058086,-122.657798,,56
2202,45.47374,-122.6487413,,83
1705,45.5409236,-122.661619,,83
1776,45.5228722,-122.6339939,,56
1718,45.5048003,-122.6305385,,369
1700,45.5063909,-122.6775413,,50
1701,45.503021,-122.6820593,,50
1715,45.5343235,-122.650493,,73
1702,45.4954666,-122.6085967,,35
2675,45.4974922,-122.6090641,,32
2014,45.5419221,-122.6681432,,15
1703,45.525021,-122.6870777,,14
2597,45.5193011,-122.6230493,,27
1723,45.5319685,-122.6739588,,38
2495,45.5052105,-122.6935414,,15
1709,45.5598209,-122.666913,,31
1713,45.5591241,-122.6595052,,37
1711,45.5470766,-122.5921795,,12
2306,45.5559434,-122.6875221,,68
3026,45.5369229,-122.6988874,,16
2171,45.559116,-122.6848636,,107
2420,45.5627349,-122.6531112,,23
1714,45.5369062,-122.6998271,,58
1725,45.5034406,-122.6110208,,34
1774,45.5347976,-122.6896739,,50
1716,45.5460745,-122.6666728,,110
1717,45.5172844,-122.6658253,,23
1719,45.5048527,-122.6520176,,27
1721,45.5353498,-122.7068334,,147
1722,45.5376983,-122.695868,,48
2302,45.5627292,-122.6296564,,13
1724,45.5237192,-122.6512274,,26
1769,45.4903347,-122.6511659,,21
1729,45.5589857,-122.6939143,,16
1730,45.5343635,-122.6677606,,36
1732,45.5389928,-122.6504725,,40
1731,45.5404175,-122.6616236,,38
1812,45.495731,-122.6719232,,50
2764,45.5627427,-122.6579349,,46
2395,45.5389683,-122.7091355,,111
1741,45.5626628,-122.6801222,,39
1734,45.5335984,-122.644851,,102
1742,45.5531179,-122.6503718,,40
1806,45.5264324,-122.6712304,,99
1740,45.5430335,-122.6969303,,34
2052,45.5230483,-122.6200244,,43
2191,45.5410118,-122.6733288,,99
1744,45.5314359,-122.6868725,,49
1761,45.51195,-122.61416,SE 47th at Hawthorne- Community Corral,717
1747,45.5143092,-122.6229229,,45
2678,45.5035048,-122.6545834,,37
1749,45.4881509,-122.6228498,,26
1748,45.5213017,-122.6968186,,45
1751,45.5195311,-122.6860342,,20
1752,45.5377811,-122.6199386,,43
2266,45.4933698,-122.6376299,,17
1755,45.5364659,-122.6494742,,332
1756,45.5627438,-122.6626322,,14
1759,45.5421162,-122.6296788,,44
1753,45.5243636,-122.6607119,,80
1757,45.4996327,-122.6542228,,179
2101,45.5627234,-122.6674678,,27
1767,45.5047916,-122.6242714,,24
1762,45.5351664,-122.6391328,,65
1768,45.4939838,-122.6483498,,128
1996,45.512077,-122.6391742,,131
1765,45.5355346,-122.6213041,,97
2785,45.5264745,-122.6380722,,72
1772,45.4981741,-122.648285,,28
2055,45.5193225,-122.6415052,,57
1773,45.5120354,-122.6151415,,135
1780,45.5324579,-122.7083891,,92
2276,45.5554373,-122.643901,,11
1777,45.553879,-122.602272,NE Cully at Skidmore - Community Corral,77
1778,45.5229961,-122.6647757,,16
2150,45.52444,-122.6993523,,48
1784,45.5052859,-122.6171332,,84
2819,45.5421563,-122.6954753,,21
2271,45.5033659,-122.6226245,,45
1782,45.5157787,-122.6536717,,331
2115,45.5099606,-122.6759566,,11
1783,45.52389222,-122.6721824,NW Couch at 2nd,4784
2021,45.5158097,-122.6614281,,25
1793,45.5546609,-122.6823652,,21
1785,45.5081556,-122.6494248,,33
1786,45.5156882,-122.6773569,,99
1788,45.5894777,-122.6768306,,18
1787,45.521693,-122.6855431,,19
1790,45.5264987,-122.6062781,,62
2255,45.5871048,-122.7605283,,58
1817,45.5462805,-122.6800614,,91
1792,45.5482821,-122.6596305,,81
1794,45.5048566,-122.6527336,,39
1795,45.5419358,-122.6771154,,56
1797,45.5771943,-122.6801962,,52
1796,45.5351195,-122.667762,,30
1799,45.4643284,-122.6530114,,226
1798,45.5752914,-122.682023,,15
1800,45.4939823,-122.6053854,,14
1804,45.5869457,-122.7384596,,18
1857,45.5350868,-122.661658,,39
1802,45.4985855,-122.6718167,,66
1803,45.5403464,-122.6771468,,25
1809,45.5329026,-122.6500261,,20
1810,45.5389786,-122.6306829,,58
1811,45.5543003,-122.6920002,,57
1814,45.547759,-122.6811316,,106
1860,45.5508754,-122.6811156,,60
1816,45.532233,-122.6616717,,92
1819,45.5148714,-122.6019556,,15
1820,45.5053745,-122.5975194,,162
1821,45.5104892,-122.634771,,51
1822,45.559043,-122.6348739,,92
2256,45.5193117,-122.6309445,,76
1826,45.4990872,-122.6226373,,33
1827,45.5257407,-122.646015,,48
1829,45.4933368,-122.6226513,,27
1828,45.5265591,-122.6454794,,60
1830,45.5111341,-122.6760482,,19
1834,45.5554887,-122.6556648,,24
1833,45.5068364,-122.6514336,,37
1836,45.5347005,-122.6233194,,45
1835,45.5027054,-122.6578059,,187
2577,45.5605813,-122.6948197,,11
2470,45.4933678,-122.6366408,,22
1837,45.4933658,-122.6356464,,37
1838,45.5193103,-122.6270985,,46
1841,45.4927203,-122.6522355,,32
1846,45.4642942,-122.6638457,,201
1843,45.5085384,-122.6488693,,193
1844,45.5021091,-122.6578144,,40
1845,45.5147857,-122.6739998,,82
2611,45.5343601,-122.6616637,,71
1847,45.5150225,-122.6347939,,34
1848,45.5254401,-122.700428,,116
1849,45.5129474,-122.6587193,,58
1852,45.5015245,-122.6755531,,22
1856,45.500284,-122.6542325,,240
1864,45.4751151,-122.6717221,,33
2181,45.5278938,-122.6414106,,57
1861,45.5157555,-122.645577,,40
2628,45.5354403,-122.6667494,,44
1865,45.5193088,-122.6258488,,150
1866,45.4990478,-122.6435793,,53
1867,45.4903082,-122.6376185,,13
1868,45.5122378,-122.6597773,,152
1870,45.5185723,-122.6719705,,73
2077,45.504815,-122.6412372,,24
3393,45.5015463,-122.6570275,,43
1874,45.5228737,-122.6331131,,47
1873,45.534917,-122.6227992,,24
1875,45.5368685,-122.7018579,,19
1876,45.5115146,-122.6567393,,47
1877,45.5143037,-122.6887015,,79
1910,45.47987,-122.6729815,,52
1878,45.5022919,-122.6817414,,11
3326,45.5101043,-122.6618564,,14
1882,45.4975522,-122.6188912,,12
1883,45.5184837,-122.6947486,,28
1886,45.4975136,-122.6113659,,16
1911,45.5296463,-122.6525554,,63
1889,45.5554642,-122.6507322,,35
1893,45.471498,-122.6529997,,18
1895,45.4791873,-122.6174861,,23
1896,45.5158982,-122.6866858,,60
1901,45.5268751,-122.6644883,,17
1900,45.5591173,-122.6565779,,221
1899,45.5287556,-122.6672216,,15
1902,45.5239947,-122.701369,,127
1904,45.4988467,-122.6483275,,16
1903,45.4850563,-122.6767971,,28
1907,45.5412504,-122.6965857,,40
1906,45.5374361,-122.6442755,,23
1909,45.5691302,-122.6823087,,53
1908,45.5389606,-122.6411595,,20
1912,45.5420808,-122.6483829,,16
1913,45.4643319,-122.6590139,,72
1916,45.538421,-122.7125231,,76
1915,45.4664678,-122.6530084,,56
1917,45.4643257,-122.661378,,140
1926,45.5120699,-122.6316728,,129
1921,45.4671809,-122.6530074,,53
1918,45.5242052,-122.7033488,,60
1923,45.5365228,-122.6667236,,52
1919,45.5082574,-122.6337384,,14
1924,45.5141551,-122.7197345,,14
1925,45.5107947,-122.6547156,,31
1927,45.5370377,-122.6898321,,44
1946,45.5331594,-122.6719537,,40
1954,45.5396261,-122.7231003,,73
1928,45.5357532,-122.649479,,96
1929,45.4642836,-122.6621626,,25
1931,45.5164857,-122.6627796,,36
1930,45.5165387,-122.662775,,32
1932,45.4803935,-122.6353167,,109
2502,45.5399069,-122.6763597,,18
1937,45.5264135,-122.5770055,,117
1939,45.5633735,-122.6821085,,11
1938,45.5611235,-122.6821309,,19
1965,45.5053064,-122.6120367,,48
1947,45.52045167,-122.6700433,PRIDE - Pine - Disabled,515
1944,45.5341389,-122.5798598,,12
1945,45.4938138,-122.6729972,,12
1948,45.5264782,-122.5950924,,80
1950,45.4743995,-122.6716468,,43
1952,45.5590747,-122.6438732,,364
1955,45.4744463,-122.6488295,,31
1951,45.5089235,-122.6494132,,15
1958,45.571871,-122.6466479,,81
1957,45.4899196,-122.6737426,,105
2057,45.5627197,-122.689314,,34
1959,45.5183865,-122.6720804,,26
1970,45.5264219,-122.6188355,,12
1964,45.4888681,-122.6507958,,20
1967,45.5351639,-122.6284082,,15
1968,45.5165692,-122.6177975,,23
1969,45.5251896,-122.5790645,,30
1973,45.5264192,-122.5780264,,21
2085,45.5771362,-122.6822071,,28
1974,45.5570933,-122.6667297,,18
1977,45.5370343,-122.6928144,,36
1979,45.5520659,-122.6646908,,40
1976,45.5343629,-122.6682769,,126
1982,45.5466977,-122.6411274,,39
1983,45.5545892,-122.6723131,,28
1984,45.5053081,-122.6111386,,30
1985,45.507157,-122.6842659,,50
1987,45.5120329,-122.6141298,,107
1988,45.4903042,-122.6256864,,17
1989,45.5348103,-122.666767,,20
1990,45.5699698,-122.6647265,,13
1991,45.5053712,-122.6016865,,28
1992,45.5520597,-122.6673724,,45
1998,45.5419002,-122.6666864,,27
3013,45.5015798,-122.6542358,,27
2001,45.5164926,-122.6526488,,110
2002,45.5613199,-122.6204368,,13
2003,45.5158075,-122.6618169,,49
2004,45.5070412,-122.6395658,,25
2550,45.4974621,-122.6482961,,37
2006,45.5428466,-122.6666807,,175
2094,45.5479506,-122.7048531,,35
2008,45.5315601,-122.6310462,,85
2010,45.5165567,-122.6078751,,12
2011,45.5343392,-122.6694346,,41
2530,45.5343683,-122.6690555,,27
2012,45.5352655,-122.6219664,,78
2033,45.496977,-122.6335541,,81
2015,45.520747,-122.6455192,,35
2016,45.5482613,-122.656703,,158
2018,45.5088357,-122.649068,,16
2019,45.5487961,-122.6679712,,97
2020,45.5545911,-122.6728582,,25
2022,45.5699291,-122.6748847,,29
2025,45.5482481,-122.6045565,,77
2028,45.5699391,-122.6728252,,30
2027,45.5165739,-122.6661339,,81
2035,45.534458,-122.6696738,,29
2040,45.5171598,-122.6230007,,208
2034,45.5008343,-122.6717132,,41
2036,45.5307923,-122.6448583,,32
2038,45.546078,-122.6679768,,24
2072,45.5627399,-122.6561468,,138
2039,45.5165398,-122.6618117,,19
2041,45.5546314,-122.6771296,,19
2297,45.516457,-122.6887733,,459
2042,45.5188708,-122.6718121,,37
2043,45.557321,-122.6615502,,33
2054,45.5041819,-122.6537506,,34
2047,45.5467502,-122.6698672,,112
3210,45.5627382,-122.6551351,,12
2048,45.5354355,-122.7119751,,23
2049,45.5544491,-122.5737375,,15
2434,45.52434,-122.6536107,,37
3825,45.5257478,-122.6454847,,13
2056,45.5026862,-122.6446347,,17
2059,45.5533237,-122.6615608,,72
3763,45.5921992,-122.6864389,,43
2058,45.5128702,-122.6347884,,23
2182,45.5182865,-122.665812,,18
2063,45.5173144,-122.6671445,,101
2064,45.5357823,-122.6306783,,22
2066,45.5232778,-122.6954082,,112
2067,45.4902558,-122.5825833,,13
2069,45.5120839,-122.643185,,172
2071,45.5048104,-122.6404228,,107
2070,45.5374683,-122.6169452,,16
3101,45.5663256,-122.6561202,,18
2073,45.5192874,-122.6178161,,14
2074,45.5280084,-122.5790465,,46
2078,45.5066398,-122.6842977,,466
2081,45.4913708,-122.6516253,,30
2079,45.5228749,-122.6349691,,32
2080,45.4643193,-122.6614766,,14
2102,45.5482426,-122.6472868,,11
2103,45.5482414,-122.6462701,,14
2083,45.5083678,-122.6347379,,20
2084,45.5343259,-122.6484736,,65
2227,45.5270633,-122.6719902,,64
2089,45.5421099,-122.6565414,,62
2090,45.5520675,-122.6636737,,64
2091,45.4969574,-122.6277142,,46
2092,45.537645,-122.6982549,,20
2096,45.5552019,-122.6276403,,20
2097,45.5182881,-122.6713919,,161
2106,45.5053009,-122.6132237,,52
2105,45.5193243,-122.6465437,,19
2108,45.5455306,-122.6616245,,72
2109,45.5255497,-122.6465052,,54
2111,45.541269,-122.6616172,,33
2116,45.5627249,-122.6663981,,17
2118,45.55086833,-122.6746217,Mississippi Street Fair - Disabled,59
2317,45.4850252,-122.6751435,,26
2119,45.4765386,-122.671922,,21
2121,45.5048097,-122.6376402,,40
2120,45.5048899,-122.6608147,,28
2125,45.4715216,-122.6724327,,22
2573,45.5352999,-122.6907002,,11
2129,45.4837719,-122.6744972,,14
2130,45.4779685,-122.6723401,,21
2132,45.4643327,-122.6609943,,42
2630,45.5772259,-122.6748036,,18
2948,45.5327756,-122.6725159,,13
2136,45.5053011,-122.6129808,,81
2164,45.5269755,-122.6647027,,41
2139,45.5995079,-122.6146976,,16
2140,45.5283903,-122.5790452,,13
2144,45.5202905,-122.6230546,,13
2145,45.4751604,-122.6489158,,12
2153,45.5059052,-122.6831807,,45
2146,45.5122043,-122.6496347,,185
2147,45.5229182,-122.6532439,,57
2149,45.5217107,-122.6230438,,29
2151,45.5437847,-122.6666725,,49
2152,45.5169867,-122.6674628,,18
2156,45.5663795,-122.6955962,,24
2158,45.4892878,-122.5959318,,11
2159,45.5327217,-122.6281795,,34
2165,45.5663988,-122.6255536,,20
2166,45.5482588,-122.6557271,,64
2168,45.497532,-122.612617,,14
2173,45.5843852,-122.746397,,11
2172,45.5212539,-122.5899015,,37
2177,45.5883074,-122.7580089,,19
2175,45.5482915,-122.6150667,,64
2185,45.5626696,-122.6792048,,26
2179,45.5892106,-122.7479867,,12
2183,45.5014294,-122.6621703,,16
2184,45.5165668,-122.6161621,,34
2186,45.5410279,-122.6666929,,41
2187,45.5349312,-122.6906855,,35
2656,45.4643247,-122.6470564,,16
2778,45.5618174,-122.661464,,18
2195,45.4978957,-122.6738644,,28
2487,45.5370865,-122.666722,,88
2196,45.5365202,-122.6209541,,102
2197,45.5626986,-122.6718186,,39
2199,45.5178729,-122.623019,,29
2200,45.5482845,-122.6606063,,11
2203,45.5047936,-122.6214818,,16
2206,45.5271173,-122.642413,,22
2228,45.5015785,-122.6593844,,11
2209,45.5467876,-122.666676,,55
2210,45.5173389,-122.6673913,,82
2211,45.5590465,-122.6358797,,21
2212,45.5717678,-122.6538417,,13
2213,45.5595267,-122.6942993,,31
2217,45.5627555,-122.6095306,,12
2218,45.5554409,-122.6448769,,16
2219,45.5921229,-122.7096953,,17
2221,45.5066972,-122.6112545,,97
2595,45.5166464,-122.6068342,,23
2222,45.5114296,-122.6451429,,26
2909,45.4607592,-122.6470572,,11
2226,45.4643296,-122.6549993,,34
2528,45.5121926,-122.6468491,,61
2485,45.5460631,-122.6616197,,26
2231,45.525068,-122.6617196,,102
2234,45.5129013,-122.6019077,,15
2235,45.51811667,-122.6714217,Oregon Brewers Fest - Under Morrison Bridge - Disabled,34
2250,45.5217235,-122.5909123,,19
2240,45.5189395,-122.6729726,,99
2239,45.5350924,-122.6906906,,11
2241,45.5086748,-122.6608436,,28
2243,45.4965145,-122.6759552,,18
2249,45.5171851,-122.6465585,,42
2259,45.5015428,-122.6605783,,13
2258,45.5034344,-122.6772503,,27
2260,45.5361293,-122.6199357,,52
2264,45.5664208,-122.6550026,,11
2261,45.5554958,-122.6576187,,14
2262,45.5554923,-122.6566418,,27
2517,45.4994022,-122.6776808,,12
2267,45.5330601,-122.637093,,15
2281,45.5420509,-122.6367214,,84
2272,45.5172825,-122.665312,,34
2279,45.5482522,-122.605469,,197
2274,45.5453478,-122.6616253,,151
2275,45.5338009,-122.6209197,,70
2277,45.5075539,-122.6848411,,26
2282,45.5079424,-122.6547346,,139
3202,45.5726773,-122.6820399,,11
3207,45.502159,-122.6778121,,12
2291,45.562699,-122.6435043,,21
2293,45.5554584,-122.6493418,,27
2309,45.5272249,-122.6454749,,72
2295,45.5102371,-122.6513907,,42
2303,45.5227894,-122.6230374,,31
2298,45.5165623,-122.6112533,,23
2308,45.526445,-122.6281078,,18
2299,45.512192,-122.6460168,,16
2300,45.5718852,-122.6360001,,12
2486,45.5085432,-122.6503946,,11
2305,45.5351332,-122.6203254,,19
2335,45.5627401,-122.6914786,,48
2311,45.5088136,-122.6773137,,28
3138,45.5021568,-122.6776802,,51
2397,45.5053227,-122.6090063,,53
2315,45.5015479,-122.6578092,,36
2697,45.5296287,-122.6667037,,12
2318,45.5048427,-122.649439,,62
2319,45.5394617,-122.6119449,,38
2368,45.5120445,-122.6192013,,26
2548,45.5229978,-122.6651097,,17
2332,45.5304335,-122.7026676,,29
2323,45.4857058,-122.6497823,,27
2321,45.5087853,-122.6854059,,41
2329,45.4864544,-122.6500808,,11
2327,45.5343735,-122.6657173,,15
2330,45.5157953,-122.6229462,,37
2333,45.5165658,-122.6144391,,28
2410,45.5051309,-122.6820311,,30
2334,45.507996,-122.6181317,,26
2337,45.5129381,-122.6616748,,16
2341,45.544207,-122.7219018,,23
2338,45.5085365,-122.6484381,,25
2971,45.5377878,-122.630685,,30
2354,45.5421145,-122.6219612,,52
2376,45.5285962,-122.6454655,,15
2951,45.5171885,-122.6475723,,34
2348,45.5082422,-122.6490697,,19
2353,45.5080757,-122.6265545,,18
2351,45.5242599,-122.6892832,,49
2471,45.5108081,-122.6587334,,131
2514,45.540686,-122.7012483,,27
2358,45.5286246,-122.6371735,,22
2363,45.5521347,-122.6808974,,127
2373,45.5351321,-122.6150001,,16
3098,45.4896086,-122.6486482,,14
2370,45.5060203,-122.6957116,,15
2374,45.5073515,-122.684554,,77
2381,45.5069472,-122.6598173,,62
2377,45.5250278,-122.6454899,,21
2379,45.5305125,-122.705504,,81
2494,45.5496138,-122.6811131,,85
2385,45.4636103,-122.6385773,,19
2861,45.5410117,-122.6936196,,26
2461,45.5483043,-122.619377,,18
2392,45.5638708,-122.661437,,55
2923,45.4974596,-122.6479973,,20
2839,45.5136165,-122.6455642,,25
3172,45.5450188,-122.6779497,,45
2399,45.5626615,-122.6823696,,50
2404,45.5610823,-122.6669276,,11
2398,45.5193138,-122.6329577,,49
3358,45.5627174,-122.6680082,,24
2400,45.5165648,-122.613515,,59
2401,45.5307806,-122.6229841,,41
2407,45.5192759,-122.6103341,,23
2406,45.5168613,-122.6672861,,36
3019,45.5568573,-122.6824074,,15
2409,45.5443237,-122.6220722,,12
2413,45.554632,-122.676598,,83
2418,45.4935166,-122.6189551,,38
2417,45.5554451,-122.6462643,,29
2436,45.5165609,-122.6104446,,17
2424,45.5482563,-122.6547513,,74
2423,45.5228904,-122.6865762,,137
2428,45.5123897,-122.666401,,19
2429,45.5561203,-122.6828558,,42
2431,45.512082,-122.6412759,,27
2444,45.5598075,-122.682363,,29
2538,45.5058704,-122.6820449,,44
2435,45.5590406,-122.6343563,,29
2455,45.4975419,-122.6145612,,11
2453,45.533816,-122.623248,,23
2442,45.5376576,-122.6977446,,17
2587,45.5699415,-122.6723102,,16
2443,45.5590518,-122.6373924,,46
2445,45.5426363,-122.6035512,,14
2446,45.5420902,-122.6504522,,55
2450,45.5189445,-122.7002533,,37
2745,45.496375,-122.6535351,,16
2456,45.5336946,-122.5986351,,14
2454,45.5193279,-122.6475569,,57
2459,45.5299698,-122.6507574,,26
2462,45.5377824,-122.6229824,,40
2908,45.5399425,-122.6046134,,23
2479,45.56631,-122.6541039,,30
2684,45.5052513,-122.6567883,,186
2472,45.5228925,-122.6102637,,37
2481,45.542074,-122.6463139,,19
2473,45.5628089,-122.6204386,,30
2474,45.5420856,-122.6494375,,75
2480,45.5663476,-122.6596443,,12
2504,45.4949784,-122.6531174,,43
2484,45.5322146,-122.6709375,,29
2519,45.5037496,-122.6808839,,17
2492,45.5193151,-122.6338957,,57
2490,45.5192794,-122.6130229,,13
2511,45.5109535,-122.6451399,,51
2975,45.5699223,-122.6873403,,19
2498,45.5228949,-122.6860729,,11
2497,45.528594,-122.6386534,,48
2499,45.4808515,-122.6495797,,14
2503,45.5482537,-122.6537754,,63
2508,45.5482512,-122.6527995,,21
2507,45.5305933,-122.7168349,,17
2845,45.501428,-122.5787082,,11
2794,45.524314,-122.6454993,,14
2520,45.5178596,-122.6348009,,14
2766,45.5063331,-122.6587636,,16
2521,45.5115274,-122.6618495,,18
2523,45.5482555,-122.6544692,,46
2668,45.5169738,-122.6425085,,34
2524,45.5376361,-122.6989157,,36
2527,45.5627366,-122.6541231,,123
2526,45.5129848,-122.6618374,,49
2535,45.5192736,-122.608858,,33
3135,45.5554198,-122.6389444,,21
2632,45.5027647,-122.6908657,,36
2540,45.5209896,-122.6230406,,14
3196,45.5446676,-122.6680592,,40
2544,45.5321616,-122.6371109,,17
3415,45.5078592,-122.6760491,,29
2547,45.5735643,-122.6955257,,79
2551,45.5545873,-122.6717681,,49
2552,45.5482486,-122.6518237,,28
2553,45.548284,-122.6126847,,13
2556,45.5012701,-122.6547962,,17
2557,45.5279208,-122.6464847,,63
2563,45.5064362,-122.6820158,,15
2565,45.5167366,-122.6671165,,31
2571,45.5662624,-122.6460165,,29
2569,45.5576586,-122.6824089,,16
2574,45.536726,-122.6616479,,21
2582,45.5080776,-122.6276218,,22
2584,45.4650378,-122.6470508,,21
2585,45.5555005,-122.6074831,,12
2588,45.5120451,-122.619502,,17
2589,45.5579007,-122.6667152,,19
2590,45.5368849,-122.7008358,,12
2593,45.4729791,-122.6714999,,31
2594,45.5554824,-122.653711,,36
2601,45.503692,-122.6854298,,11
2604,45.5041676,-122.6608105,,11
2605,45.5169534,-122.5377703,,23
2610,45.5146308,-122.7178473,,25
2614,45.5645364,-122.6500711,,19
2616,45.5421066,-122.6555266,,43
2615,45.4954614,-122.6090359,,24
2626,45.504841,-122.6737034,,21
2627,45.5555087,-122.661551,,17
2636,45.5561023,-122.6982546,,40
2635,45.5290071,-122.7026533,,21
2637,45.5619918,-122.6204398,,45
2639,45.5554259,-122.6409691,,14
2642,45.5053765,-122.6574273,,13
2648,45.5002896,-122.6090445,,16
2645,45.4950888,-122.676006,,12
2651,45.5438236,-122.661598,,25
2652,45.5264941,-122.6022744,,18
2657,45.505078,-122.6808502,,17
2661,45.512867,-122.67487,Blues Fest - SW Waterfront at Clay ,1196
2671,45.562507,-122.59437,NE Cully at Killingsworth - Community Corral,106
2667,45.5616433,-122.6669328,,12
2680,45.5418408,-122.6055935,,157
2738,45.467894,-122.6530064,,14
2677,45.5192831,-122.6152094,,12
2679,45.5354234,-122.7028542,,47
2806,45.5489665,-122.7069258,,11
2681,45.5420968,-122.6524815,,56
2685,45.5795476,-122.6868988,,13
2780,45.5560029,-122.6914518,,26
3149,45.5192806,-122.6135108,,11
2686,45.5043629,-122.611018,,14
2689,45.4934978,-122.6090309,,13
2692,45.5343627,-122.6647093,,16
2701,45.5555357,-122.6148956,,17
2694,45.555926,-122.600813,NE 60th at Cully ,119
2728,45.5554225,-122.6399594,,16
2724,45.5482362,-122.6421355,,17
2711,45.464326,-122.6490358,,14
2710,45.5627105,-122.6460483,,15
2715,45.5570928,-122.6681434,,18
2720,45.539665,-122.611885,NE 50th at Sandy,179
2709,45.5482375,-122.6431505,,14
2713,45.5627167,-122.6317328,,15
2716,45.5357931,-122.6616537,,25
2719,45.5264708,-122.6392575,,95
3255,45.4903307,-122.6483594,,18
2727,45.5374248,-122.6411654,,16
2741,45.536898,-122.619969,NE 42nd at Hancock,148
2730,45.464292,-122.6374982,,47
2739,45.5627213,-122.59418,,32
2984,45.5655391,-122.6614246,,20
2732,45.46769,-122.6470509,,11
2731,45.5409517,-122.6991741,,22
3177,45.5080387,-122.6089493,,31
2735,45.4979403,-122.6759045,,19
2879,45.5337834,-122.6173065,,216
2747,45.5303222,-122.6022226,,26
2795,45.5278999,-122.6424227,,21
2743,45.4646749,-122.6408281,,12
2749,45.5400862,-122.6969769,,17
2752,45.526462,-122.609303,NE Glisan at 53rd,263
3509,45.5080712,-122.6239509,,25
2760,45.5365209,-122.6229833,,35
2756,45.5508727,-122.6809002,,46
2758,45.5120819,-122.6415184,,18
2759,45.558361,-122.620361,NE 42nd at NE Alberta Court,216
2761,45.538968,-122.6442653,,50
2765,45.5053162,-122.6100251,,169
3311,45.4847377,-122.6374907,,20
2772,45.5383312,-122.7107087,,40
3252,45.5446427,-122.6773907,,33
2776,45.5181418,-122.7002239,,15
3244,45.5015102,-122.6090369,,21
2782,45.503438,-122.6090114,,12
2803,45.5545854,-122.6712179,,15
2805,45.5467068,-122.6442142,,11
2807,45.5339022,-122.6243476,,23
2793,45.5055754,-122.6776515,,11
2830,45.5543453,-122.6820489,,17
2801,45.5005301,-122.6396485,,19
2995,45.4824579,-122.6738488,,17
3425,45.4975528,-122.6185371,,29
2935,45.5371642,-122.6981132,,20
3126,45.5235425,-122.6230192,,21
2812,45.5069537,-122.6859659,,19
2843,45.4947632,-122.6226499,,23
2824,45.566449,-122.6688213,,14
2821,45.5482907,-122.6249694,,40
2820,45.5336526,-122.5943276,,41
2823,45.4791848,-122.6164717,,25
2827,45.5365062,-122.6616478,,15
2826,45.4875972,-122.6827031,,26
2831,45.5300387,-122.6349063,,35
2855,45.5627119,-122.6333253,,13
3031,45.5779495,-122.6819781,,12
2840,45.4961479,-122.6090484,,19
2848,45.5772256,-122.6763477,,21
2854,45.5080325,-122.685464,,23
2851,45.5372143,-122.5305389,,15
2868,45.5284927,-122.6150125,,21
2871,45.5056166,-122.6451123,,17
2877,45.6173226,-122.718118,,24
2886,45.5080115,-122.6141859,,53
2891,45.5165788,-122.621183,,37
2901,45.5566998,-122.620417,,16
3260,45.533781,-122.6169565,,11
2903,45.5429503,-122.7207535,,24
2907,45.4908539,-122.6513881,,15
2910,45.5421147,-122.6260531,,15
2914,45.5482975,-122.6171504,,36
2924,45.5190548,-122.6969412,,15
2930,45.5264799,-122.595698,,24
3328,45.4970712,-122.6258925,,17
2932,45.52395667,-122.67169,NW Couch at 1st,530
2933,45.5651324,-122.6614277,,17
2939,45.5264671,-122.6316888,,17
2940,45.5121924,-122.6465896,,24
2941,45.52061833,-122.637245,SE 28th at Pine,61
2942,45.523757,-122.637197,NE 28th at Couch,69
2943,45.5602487,-122.6204173,,22
2949,45.526466,-122.6867337,,17
2950,45.5073955,-122.6857799,,16
2953,45.51662832,-122.6721892,Rose Festival - Yamhill Entrance,922
2958,45.5537372,-122.6204068,,18
2957,45.52071699,-122.6699683,Rose Festival - Pine Entrance,905
2955,45.5590688,-122.6823691,,15
2988,45.4896196,-122.6509826,,19
2965,45.4758334,-122.6717986,,14
2968,45.5085417,-122.6499615,,11
2976,45.5566957,-122.7043059,,13
2973,45.5351575,-122.6250128,,17
2974,45.4998609,-122.6485968,,17
3475,45.5549854,-122.7333375,,14
2982,45.5889522,-122.7533497,,14
2983,45.5482422,-122.6380764,,19
3025,45.5627349,-122.6642473,,13
3154,45.5543794,-122.6503638,,18
3297,45.5084631,-122.6412567,,19
2994,45.5482935,-122.615727,,17
2997,45.504079,-122.6226254,,23
3000,45.5058463,-122.6608064,,14
3017,45.5482965,-122.6167433,,12
3021,45.520452,-122.670043,PRIDE - Pine - disabled. ,389
3024,45.5482904,-122.6147121,,17
3027,45.5563985,-122.6680918,,12
3033,45.5533984,-122.680889,,28
3040,45.5298109,-122.6448628,,21
3048,45.5662643,-122.644555,,22
3295,45.5391365,-122.6949113,,11
3053,45.5482994,-122.6177582,,11
3081,45.5357565,-122.6411718,,18
3055,45.5772139,-122.6787489,,23
3077,45.540168,-122.692255,,36
3084,45.5410416,-122.6707485,,70
3092,45.4970487,-122.6262112,,42
3099,45.5482396,-122.6390912,,13
3100,45.5420561,-122.6381195,,25
3738,45.5662636,-122.6435141,,11
3115,45.5576633,-122.6667194,,14
3119,45.5421154,-122.6276515,,16
3121,45.5420773,-122.6473289,,93
3129,45.503506,-122.611066,SE 50th at Clinton,63
3141,45.5175,-122.684502,SW 11th at Main - Community Corral,71
3132,45.53311,-122.6306708,,51
3131,45.497874,-122.637516,SE Powell Blvd at 28th,272
3133,45.536771,-122.61884,NE 43rd at Sandy,131
3134,45.558918,-122.6824,N Alberta Street at N Interstate Ave,15
3140,45.5377108,-122.6948582,,16
3157,45.4933598,-122.6327215,,16
3146,45.4903009,-122.6227768,,17
3152,45.534797,-122.668659,N Wheeler at Broadway - Community Corral,192
3155,45.5009759,-122.6112808,,24
3743,45.5286475,-122.6385025,,23
3715,45.4930294,-122.6523721,,12
3165,45.5482477,-122.6359321,,15
3166,45.5390992,-122.6969401,,49
3183,45.5192919,-122.6195436,,11
3178,45.5627825,-122.615085,,13
3188,45.5421001,-122.6534962,,21
3286,45.5338211,-122.5626425,,11
3185,45.5285611,-122.6669328,,21
3197,45.5164138,-122.6658515,,11
3308,45.5165583,-122.6088504,,13
3212,45.562707,-122.6701324,,34
3209,45.5167705,-122.6020084,,12
3405,45.5554541,-122.6482876,,13
3228,45.5627463,-122.6276263,,12
3226,45.479291,-122.628243,,12
3225,45.561227,-122.682344,,12
3229,45.5337209,-122.6053385,,21
3233,45.5052227,-122.6842805,,16
3248,45.5554123,-122.6369134,,11
4018,45.4933558,-122.6307716,,29
3366,45.4964121,-122.6101034,,39
3253,45.5521346,-122.6810918,,16
3399,45.4933458,-122.6267017,,13
3257,45.5629777,-122.7055693,,11
3258,45.5771952,-122.6798404,,27
3277,45.5324201,-122.6306857,,14
3275,45.5431362,-122.6771172,,16
3290,45.5337206,-122.6049918,,18
3291,45.556,-122.6953383,,12
3294,45.5560013,-122.6963354,,27
3303,45.5421148,-122.6229757,,12
3680,45.5545907,-122.6636748,,11
3329,45.554622,-122.666899,N Skidmore at Williams,92
3344,45.5017739,-122.6742458,,12
3365,45.5311076,-122.6150052,,13
3615,45.5546359,-122.6776235,,11
3390,45.509436,-122.6018129,,16
3641,45.5664041,-122.6349479,,13
3487,45.5129367,-122.6618393,,13
3491,45.51747167,-122.6786467,SW Taylor at 5th Ave (NABSA) - Pop Up,337
3493,45.521754,-122.681079,SW 10th at Harvey Milk ,894
3495,45.523486,-122.675078,SW Salmon at Broadway (NABSA)  - Pop Up,132
3492,45.562774,-122.6131979,,13
3494,45.5012197,-122.6226272,,19
3506,45.4968339,-122.6090526,,61
3504,45.5627305,-122.6904635,,11
3511,45.532795,-122.668224,N Ramsey at Center court Dr. XOXO fest popup,457
3530,45.5627027,-122.637872,,51
3542,45.5627017,-122.6381533,,20
3560,45.556857,-122.6822001,,12
3572,45.5483012,-122.6183816,,17
3569,45.5191531,-122.4552027,,17
3586,45.4767845,-122.528625,,12
3774,45.562701,-122.6388871,,12
3609,45.5626986,-122.6403468,,15
3637,45.5753199,-122.6872958,,18
3635,45.5335299,-122.5293472,,20
3636,45.5263703,-122.5299887,,13
3647,45.5299239,-122.6150118,,11
3713,45.557603,-122.5002244,,14
3915,45.5627003,-122.6393098,,12
3891,45.5191612,-122.510723,,13
3905,45.50454,-122.6728883,Temporary OHSU Schnitzer Lot Station,91
4056,45.4712025,-122.6160001,,15
4067,45.5115506,-122.5376869,,14
